#
# A fatal error has been detected by the Java Runtime Environment:
#
#  EXCEPTION_ACCESS_VIOLATION (0xc0000005) at pc=0x000001cb5305c398, pid=18096, tid=15752
#
# JRE version: Java(TM) SE Runtime Environment (17.0.12+8) (build 17.0.12+8-LTS-286)
# Java VM: Java HotSpot(TM) 64-Bit Server VM (17.0.12+8-LTS-286, mixed mode, sharing, tiered, compressed oops, compressed class ptrs, g1 gc, windows-amd64)
# Problematic frame:
# J 6798 c2 com.sun.tools.javac.code.Symtab.enterClass(Lcom/sun/tools/javac/code/Symbol$ModuleSymbol;Lcom/sun/tools/javac/util/Name;)Lcom/sun/tools/javac/code/Symbol$ClassSymbol; jdk.compiler@17.0.12 (71 bytes) @ 0x000001cb5305c398 [0x000001cb5305ba40+0x0000000000000958]
#
# No core dump will be written. Minidumps are not enabled by default on client versions of Windows
#
# If you would like to submit a bug report, please visit:
#   https://bugreport.java.com/bugreport/crash.jsp
#

---------------  S U M M A R Y ------------

Command Line: -Dclassworlds.conf=C:\Users\Asus\.m2\wrapper\dists\apache-maven-3.9.9\977a63e90f436cd6ade95b4c0e10c20c\bin\m2.conf -Dmaven.home=C:\Users\Asus\.m2\wrapper\dists\apache-maven-3.9.9\977a63e90f436cd6ade95b4c0e10c20c -Dlibrary.jansi.path=C:\Users\Asus\.m2\wrapper\dists\apache-maven-3.9.9\977a63e90f436cd6ade95b4c0e10c20c\lib\jansi-native -Dmaven.multiModuleProjectDirectory=C:\Users\Asus\Desktop\PFE\backend org.codehaus.plexus.classworlds.launcher.Launcher clean compile -f c:\Users\Asus\Desktop\PFE\backend\pom.xml

Host: Intel(R) Core(TM) 5 120U, 12 cores, 23G,  Windows 11 , 64 bit Build 26100 (10.0.26100.7920)
Time: Thu Apr  9 18:56:38 2026 Paris, Madrid (heure duild 26100 (10.0.26100.7920) elapsed time: 7.032191 seconds (0d 0h 0m 7s)

---------------  T H R E A D  ---------------

Current thread (0x000001cb43951ae0):  JavaThread "main" [_thread_in_Java, id=15752, stack(0x0000007b8a600000,0x0000007b8a700000)]

Stack: [0x0000007b8a600000,0x0000007b8a700000],  sp=0x0000007b8a6fcfe8,  free space=1011k
Native frames: (J=compiled Java code, j=interpreted, Vv=VM code, C=native code)
C  0x000001cb5305c398


siginfo: EXCEPTION_ACCESS_VIOLATION (0xc0000005), reading address 0xffffffffffffffff


Registers:
RAX=0x0000000687ec83d8, RBX=0x00000000d252ef28, RCX=0x000001cb5b3a6b28, RDX=0x000000068e1068e0
RSP=0x0000007b8a6fcfe8, RBP=0x0000000687c8f2e0, RSI=0x00000000d252ef8b, RDI=0x00000000d0fd907b
R8 =0x0000000692977c58, R9 =0x0000000000000074, R10=0x0000000000000055, R11=0x0000000691de33f7
R12=0x0000000000000000, R13=0x0000000687ec83d8, R14=0x0000000686054850, R15=0x000001cb43951ae0
RIP=0x000001cb5305c398, EFLAGS=0x0000000000010206


Register to memory mapping:

RIP=0x000001cb5305c398 is at entry_point+2392 in (nmethod*)0x000001cb5305b710
Compiled method (c2)    7036 6798       4       com.sun.tools.javac.code.Symtab::enterClass (71 bytes)
 total in heap  [0x000001cb5305b710,0x000001cb530606d0] = 20416
 relocation     [0x000001cb5305b868,0x000001cb5305ba40] = 472
 main code      [0x000001cb5305ba40,0x000001cb5305ebe0] = 12704
 stub code      [0x000001cb5305ebe0,0x000001cb5305eca0] = 192
 oops           [0x000001cb5305eca0,0x000001cb5305ed10] = 112
 metadata       [0x000001cb5305ed10,0x000001cb5305ef60] = 592
 scopes data    [0x000001cb5305ef60,0x000001cb5305fe40] = 3808
 scopes pcs     [0x000001cb5305fe40,0x000001cb530603d0] = 1424
 dependencies   [0x000001cb530603d0,0x000001cb53060468] = 152
 handler table  [0x000001cb53060468,0x000001cb53060618] = 432
 nul chk table  [0x000001cb53060618,0x000001cb530606d0] = 184
RAX=0x0000000687ec83d8 is an oop: com.sun.tools.javac.util.SharedNameTable$NameImpl 
{0x0000000687ec83d8} - klass: 'com/sun/tools/javac/util/SharedNameTable$NameImpl'
 - ---- fields (total size 4 words):
 - public final 'table' 'Lcom/sun/tools/javac/util/Name$Table;' @12  a 'com/sun/tools/javac/util/SharedNameTable'{0x0000000686003838} (d0c00707)
 - 'index' 'I' @16  1677 (68d)
 - 'length' 'I' @20  6
 - 'next' 'Lcom/sun/tools/javac/util/SharedNameTable$NameImpl;' @24  NULL (0)
RBX=3528650536 is a compressed pointer to object: com.sun.tools.javac.code.Symbol$PackageSymbol 
{0x0000000692977940} - klass: 'com/sun/tools/javac/code/Symbol$PackageSymbol'
 - ---- fields (total size 9 words):
 - public 'kind' 'Lcom/sun/tools/javac/code/Kinds$Kind;' @12  a 'com/sun/tools/javac/code/Kinds$Kind'{0x0000000687c8f418} (d0f91e83)
 - public 'flags_field' 'J' @16  0 (0 0)
 - public 'name' 'Lcom/sun/tools/javac/util/Name;' @24  a 'com/sun/tools/javac/util/SharedNameTable$NameImpl'{0x0000000687eaec00} (d0fd5d80)
 - public 'type' 'Lcom/sun/tools/javac/code/Type;' @28  a 'com/sun/tools/javac/code/Type$PackageType'{0x0000000692977b10} (d252ef62)
 - public 'owner' 'Lcom/sun/tools/javac/code/Symbol;' @32  a 'com/sun/tools/javac/code/Symbol$PackageSymbol'{0x0000000692977988} (d252ef31)
 - public 'completer' 'Lcom/sun/tools/javac/code/Symbol$Completer;' @36  a 'com/sun/tools/javac/code/ClassFinder$$Lambda$261+0x000001cb0129bc70'{0x0000000692926840} (d2524d08)
 - public 'erasure_field' 'Lcom/sun/tools/javac/code/Type;' @40  NULL (0)
 - protected 'metadata' 'Lcom/sun/tools/javac/code/SymbolMetadata;' @44  NULL (0)
 - public 'members_field' 'Lcom/sun/tools/javac/code/Scope$WriteableScope;' @48  NULL (0)
 - public 'fullname' 'Lcom/sun/tools/javac/util/Name;' @52  a 'com/sun/tools/javac/util/SharedNameTable$NameImpl'{0x0000000686004208} (d0c00841)
 - public 'package_info' 'Lcom/sun/tools/javac/code/Symbol$ClassSymbol;' @56  NULL (0)
 - public 'modle' 'Lcom/sun/tools/javac/code/Symbol$ModuleSymbol;' @60  a 'com/sun/tools/javac/code/Symbol$ModuleSymbol'{0x0000000692937290} (d2526e52)
 - public 'sourcefile' 'Ljavax/tools/JavaFileObject;' @64  NULL (0)
RCX=0x000001cb5b3a6b28 points into unknown readable memory: 0x0404040404040404 | 04 04 04 04 04 04 04 04
RDX=0x000000068e1068e0 is an oop: [B 
{0x000000068e1068e0} - klass: {type array byte}
 - length: 1048576
RSP=0x0000007b8a6fcfe8 is pointing into the stack for thread: 0x000001cb43951ae0
RBP=0x0000000687c8f2e0 is an oop: com.sun.tools.javac.code.Kinds$Kind 
{0x0000000687c8f2e0} - klass: 'com/sun/tools/javac/code/Kinds$Kind'
 - ---- fields (total size 5 words):
 - private final 'ordinal' 'I' @12  2
 - private final 'name' 'Ljava/lang/String;' @16  "TYP"{0x0000000687c8f308} (d0f91e61)
 - private final 'kindName' 'Lcom/sun/tools/javac/code/Kinds$KindName;' @20  a 'com/sun/tools/javac/code/Kinds$KindName'{0x0000000687c8f338} (d0f91e67)
 - private final 'absentKind' 'Lcom/sun/tools/javac/code/Kinds$KindName;' @24  NULL (0)
 - private final 'selector' 'Lcom/sun/tools/javac/code/Kinds$KindSelector;' @28  a 'com/sun/tools/javac/code/Kinds$KindSelector'{0x0000000687c8f380} (d0f91e70)
 - private final 'category' 'Lcom/sun/tools/javac/code/Kinds$Kind$Category;' @32  a 'com/sun/tools/javac/code/Kinds$Kind$Category'{0x0000000687c8f390} (d0f91e72)
RSI=3528650635 is a compressed pointer to object: com.sun.tools.javac.code.Type$ClassType 
{0x0000000692977c58} - klass: 'com/sun/tools/javac/code/Type$ClassType'
 - ---- fields (total size 6 words):
 - protected final 'metadata' 'Lcom/sun/tools/javac/code/TypeMetadata;' @12  a 'com/sun/tools/javac/code/TypeMetadata'{0x0000000687c6ad50} (d0f8d5aa)
 - public 'tsym' 'Lcom/sun/tools/javac/code/Symbol$TypeSymbol;' @16  NULL (0)
 - 'rank_field' 'I' @20  -1 (ffffffff)
 - private 'outer_field' 'Lcom/sun/tools/javac/code/Type;' @24  a 'com/sun/tools/javac/code/Type$1'{0x0000000687c91408} (d0f92281)
 - public 'typarams_field' 'Lcom/sun/tools/javac/util/List;' @28  NULL (0)
 - public 'allparams_field' 'Lcom/sun/tools/javac/util/List;' @32  NULL (0)
 - public 'supertype_field' 'Lcom/sun/tools/javac/code/Type;' @36  NULL (0)
 - public 'interfaces_field' 'Lcom/sun/tools/javac/util/List;' @40  NULL (0)
 - public 'all_interfaces_field' 'Lcom/sun/tools/javac/util/List;' @44  NULL (0)
RDI=3506278523 is a compressed pointer to object: com.sun.tools.javac.util.SharedNameTable$NameImpl 
{0x0000000687ec83d8} - klass: 'com/sun/tools/javac/util/SharedNameTable$NameImpl'
 - ---- fields (total size 4 words):
 - public final 'table' 'Lcom/sun/tools/javac/util/Name$Table;' @12  a 'com/sun/tools/javac/util/SharedNameTable'{0x0000000686003838} (d0c00707)
 - 'index' 'I' @16  1677 (68d)
 - 'length' 'I' @20  6
 - 'next' 'Lcom/sun/tools/javac/util/SharedNameTable$NameImpl;' @24  NULL (0)
R8 =0x0000000692977c58 is an oop: com.sun.tools.javac.code.Type$ClassType 
{0x0000000692977c58} - klass: 'com/sun/tools/javac/code/Type$ClassType'
 - ---- fields (total size 6 words):
 - protected final 'metadata' 'Lcom/sun/tools/javac/code/TypeMetadata;' @12  a 'com/sun/tools/javac/code/TypeMetadata'{0x0000000687c6ad50} (d0f8d5aa)
 - public 'tsym' 'Lcom/sun/tools/javac/code/Symbol$TypeSymbol;' @16  NULL (0)
 - 'rank_field' 'I' @20  -1 (ffffffff)
 - private 'outer_field' 'Lcom/sun/tools/javac/code/Type;' @24  a 'com/sun/tools/javac/code/Type$1'{0x0000000687c91408} (d0f92281)
 - public 'typarams_field' 'Lcom/sun/tools/javac/util/List;' @28  NULL (0)
 - public 'allparams_field' 'Lcom/sun/tools/javac/util/List;' @32  NULL (0)
 - public 'supertype_field' 'Lcom/sun/tools/javac/code/Type;' @36  NULL (0)
 - public 'interfaces_field' 'Lcom/sun/tools/javac/util/List;' @40  NULL (0)
 - public 'all_interfaces_field' 'Lcom/sun/tools/javac/util/List;' @44  NULL (0)
R9 =0x0000000000000074 is an unknown value
R10=0x0000000000000055 is an unknown value
R11=0x0000000691de33f7 is pointing into object: com.sun.tools.javac.code.Scope$ScopeImpl$2 
{0x0000000691c00000} - klass: 'com/sun/tools/javac/code/Scope$ScopeImpl$2'
 - ---- fields (total size 5 words):
 - 'seenRemoveCount' 'I' @12  0
 - 'currentEntry' 'Lcom/sun/tools/javac/code/Scope$Entry;' @16  a 'com/sun/tools/javac/code/Scope$Entry'{0x0000000687eaf488} (d0fd5e91)
 - final synthetic 'val$name' 'Lcom/sun/tools/javac/util/Name;' @20  a 'com/sun/tools/javac/util/SharedNameTable$NameImpl'{0x000000068cc28e58} (d19851cb)
 - final synthetic 'val$sf' 'Ljava/util/function/Predicate;' @24  a 'com/sun/tools/javac/code/Types$3'{0x00000006886ecc30} (d10dd986)
 - final synthetic 'val$lookupKind' 'Lcom/sun/tools/javac/code/Scope$LookupKind;' @28  a 'com/sun/tools/javac/code/Scope$LookupKind'{0x0000000689043380} (d1208670)
 - final synthetic 'this$0' 'Lcom/sun/tools/javac/code/Scope$ScopeImpl;' @32  a 'com/sun/tools/javac/code/Scope$ScopeImpl'{0x0000000692390728} (d24720e5)
R12=0x0 is NULL
R13=0x0000000687ec83d8 is an oop: com.sun.tools.javac.util.SharedNameTable$NameImpl 
{0x0000000687ec83d8} - klass: 'com/sun/tools/javac/util/SharedNameTable$NameImpl'
 - ---- fields (total size 4 words):
 - public final 'table' 'Lcom/sun/tools/javac/util/Name$Table;' @12  a 'com/sun/tools/javac/util/SharedNameTable'{0x0000000686003838} (d0c00707)
 - 'index' 'I' @16  1677 (68d)
 - 'length' 'I' @20  6
 - 'next' 'Lcom/sun/tools/javac/util/SharedNameTable$NameImpl;' @24  NULL (0)
R14=0x0000000686054850 is an oop: com.sun.tools.javac.code.Symbol$Completer$1 
{0x0000000686054850} - klass: 'com/sun/tools/javac/code/Symbol$Completer$1'
 - ---- fields (total size 2 words):
R15=0x000001cb43951ae0 is a thread


Top of Stack: (sp=0x0000007b8a6fcfe8)
0x0000007b8a6fcfe8:   00000000d0fd907b 0000000000000000
0x0000007b8a6fcff8:   000000068608f860 000001cb6d0a51b8
0x0000007b8a6fd008:   0000000000000000 0000007b00000000
0x0000007b8a6fd018:   0000007b8a6fd088 000001cb52749649
0x0000007b8a6fd028:   0000000692977c00 000000068dc8d510
0x0000007b8a6fd038:   0000000692936ca8 0000000687ec83d8
0x0000007b8a6fd048:   0000000692977940 0000007b00000010
0x0000007b8a6fd058:   000001cb4b3b77c4 0000000000000000
0x0000007b8a6fd068:   000000068911a9c0 000001cb6d353468
0x0000007b8a6fd078:   0000000000000000 0000007b8a6fd0b0
0x0000007b8a6fd088:   0000007b8a6fd110 0000007b8a6fd110
0x0000007b8a6fd098:   000001cb52749649 000001cb52749649
0x0000007b8a6fd0a8:   000001cb52749649 0000000686004168
0x0000007b8a6fd0b8:   0000000692937290 0000000692936ca8
0x0000007b8a6fd0c8:   0000007b8a6fd0c8 000001cb6d327755
0x0000007b8a6fd0d8:   0000007b8a6fd128 000001cb6d32d6e0 

Instructions: (pc=0x000001cb5305c398)
0x000001cb5305c298:   4d 89 60 10 4d 89 60 18 4d 89 60 20 4d 89 60 28
0x000001cb5305c2a8:   41 c7 40 0c aa d5 f8 d0 41 c7 40 14 ff ff ff ff
0x000001cb5305c2b8:   41 c7 40 18 81 22 f9 d0 4c 8b 54 24 58 49 8b da
0x000001cb5305c2c8:   48 c1 eb 03 4d 8b d0 49 8b f0 48 c1 ee 03 4c 8b
0x000001cb5305c2d8:   6c 24 50 49 8b fd 48 c1 ef 03 49 bb 08 14 c9 87
0x000001cb5305c2e8:   06 00 00 00 4d 33 da 49 c1 eb 16 48 bd e0 f2 c8
0x000001cb5305c2f8:   87 06 00 00 00 49 be 50 48 05 86 06 00 00 00 4d
0x000001cb5305c308:   85 db 74 1a 49 c1 ea 09 48 b9 00 20 f1 57 cb 01
0x000001cb5305c318:   00 00 49 03 ca 80 39 04 0f 85 1f 15 00 00 41 80
0x000001cb5305c328:   7f 38 00 0f 85 c9 11 00 00 41 80 7f 38 00 0f 85
0x000001cb5305c338:   b1 0f 00 00 41 80 7f 38 00 0f 85 40 11 00 00 41
0x000001cb5305c348:   80 7f 38 00 0f 85 86 10 00 00 41 80 7f 38 00 0f
0x000001cb5305c358:   85 61 11 00 00 45 89 60 1c 45 89 60 20 45 89 60
0x000001cb5305c368:   24 4c 8b 54 24 38 41 c7 42 0c 5c 1e f9 d0 45 89
0x000001cb5305c378:   60 28 4c 8b d5 4c 8b 5c 24 38 4d 33 d3 49 c1 ea
0x000001cb5305c388:   16 4d 85 d2 74 1a 49 81 eb 09 48 b9 00 20 f1 57
0x000001cb5305c398:   cb 01 00 00 49 03 cb 80 39 04 0f 85 f7 13 00 00
0x000001cb5305c3a8:   41 80 7f 38 00 0f 85 71 0f 00 00 4c 8b 54 24 38
0x000001cb5305c3b8:   41 89 72 1c 4d 89 62 10 4d 8b d0 4c 8b 5c 24 38
0x000001cb5305c3c8:   4d 33 d3 49 c1 ea 16 4d 85 d2 74 1a 49 c1 eb 09
0x000001cb5305c3d8:   48 b9 00 20 f1 57 cb 01 00 00 49 03 cb 80 39 04
0x000001cb5305c3e8:   0f 85 68 13 00 00 41 80 7f 38 00 0f 85 67 0f 00
0x000001cb5305c3f8:   00 4c 8b 54 24 38 41 89 5a 20 4c 8b 54 24 58 4c
0x000001cb5305c408:   8b 5c 24 38 4d 33 d3 49 c1 ea 16 4d 85 d2 74 1a
0x000001cb5305c418:   49 c1 eb 09 48 b9 00 20 f1 57 cb 01 00 00 49 03
0x000001cb5305c428:   cb 80 39 04 0f 85 ca 13 00 00 41 80 7f 38 00 0f
0x000001cb5305c438:   85 5f 0f 00 00 4c 8b 54 24 38 41 c7 42 24 0a a9
0x000001cb5305c448:   c0 d0 4d 8b d6 4c 8b 5c 24 38 4d 33 d3 49 c1 ea
0x000001cb5305c458:   16 4d 85 d2 74 1a 49 c1 eb 09 48 b9 00 20 f1 57
0x000001cb5305c468:   cb 01 00 00 49 03 cb 80 39 04 0f 85 25 14 00 00
0x000001cb5305c478:   41 80 7f 38 00 0f 85 8c 0f 00 00 41 80 7f 38 00
0x000001cb5305c488:   0f 85 bd 0f 00 00 4c 8b 54 24 38 41 89 7a 18 45 


Stack slot to memory mapping:
stack at sp + 0 slots: 3506278523 is a compressed pointer to object: com.sun.tools.javac.util.SharedNameTable$NameImpl 
{0x0000000687ec83d8} - klass: 'com/sun/tools/javac/util/SharedNameTable$NameImpl'
 - ---- fields (total size 4 words):
 - public final 'table' 'Lcom/sun/tools/javac/util/Name$Table;' @12  a 'com/sun/tools/javac/util/SharedNameTable'{0x0000000686003838} (d0c00707)
 - 'index' 'I' @16  1677 (68d)
 - 'length' 'I' @20  6
 - 'next' 'Lcom/sun/tools/javac/util/SharedNameTable$NameImpl;' @24  NULL (0)
stack at sp + 1 slots: 0x0 is NULL
stack at sp + 2 slots: 0x000000068608f860 is an oop: java.lang.Class 
{0x000000068608f860} - klass: 'java/lang/Class'
 - ---- fields (total size 16 words):
 - private volatile transient 'classRedefinedCount' 'I' @12  0
 - private volatile transient 'cachedConstructor' 'Ljava/lang/reflect/Constructor;' @40  NULL (0)
 - private transient 'name' 'Ljava/lang/String;' @44  "com.sun.tools.javac.util.Options"{0x000000068608f8f0} (d0c11f1e)
 - private transient 'module' 'Ljava/lang/Module;' @48  a 'java/lang/Module'{0x0000000687c6aec0} (d0f8d5d8)
 - private final 'classLoader' 'Ljava/lang/ClassLoader;' @52  a 'jdk/internal/loader/ClassLoaders$AppClassLoader'{0x0000000687c6a970} (d0f8d52e)
 - private transient 'classData' 'Ljava/lang/Object;' @56  NULL (0)
 - private transient 'packageName' 'Ljava/lang/String;' @60  "com.sun.tools.javac.util"{0x0000000687c7bab8} (d0f8f757)
 - private final 'componentType' 'Ljava/lang/Class;' @64  NULL (0)
 - private volatile transient 'reflectionData' 'Ljava/lang/ref/SoftReference;' @68  NULL (0)
 - private volatile transient 'genericInfo' 'Lsun/reflect/generics/repository/ClassRepository;' @72  NULL (0)
 - private volatile transient 'enumConstants' '[Ljava/lang/Object;' @76  NULL (0)
 - private volatile transient 'enumConstantDirectory' 'Ljava/util/Map;' @80  NULL (0)
 - private volatile transient 'annotationData' 'Ljava/lang/Class$AnnotationData;' @84  NULL (0)
 - private volatile transient 'annotationType' 'Lsun/reflect/annotation/AnnotationType;' @88  NULL (0)
 - transient 'classValueMap' 'Ljava/lang/ClassValue$ClassValueMap;' @92  NULL (0)
 - signature: Lcom/sun/tools/javac/util/Options;
 - fake entry for mirror: 'com/sun/tools/javac/util/Options'
 - fake entry for array: NULL
 - fake entry for oop_size: 16
 - fake entry for static_oop_field_count: 1
 - private static final 'serialVersionUID' 'J' @120  0 (0 0)
 - public static final 'optionsKey' 'Lcom/sun/tools/javac/util/Context$Key;' @112  a 'com/sun/tools/javac/util/Context$Key'{0x000000068608f8e0} (d0c11f1c)
stack at sp + 3 slots: {method} {0x000001cb6d0a51c0} 'get' '(Lcom/sun/tools/javac/main/Option;)Ljava/lang/String;' in 'com/sun/tools/javac/util/Options'
stack at sp + 4 slots: 0x0 is NULL
stack at sp + 5 slots: 0x0000007b00000000 is an unknown value
stack at sp + 6 slots: 0x0000007b8a6fd088 is pointing into the stack for thread: 0x000001cb43951ae0
stack at sp + 7 slots: 0x000001cb52749649 is at code_begin+1481 in an Interpreter codelet
return entry points  [0x000001cb52749080, 0x000001cb52749bc0]  2880 bytes


Compiled method (c2)    7102 6798       4       com.sun.tools.javac.code.Symtab::enterClass (71 bytes)
 total in heap  [0x000001cb5305b710,0x000001cb530606d0] = 20416
 relocation     [0x000001cb5305b868,0x000001cb5305ba40] = 472
 main code      [0x000001cb5305ba40,0x000001cb5305ebe0] = 12704
 stub code      [0x000001cb5305ebe0,0x000001cb5305eca0] = 192
 oops           [0x000001cb5305eca0,0x000001cb5305ed10] = 112
 metadata       [0x000001cb5305ed10,0x000001cb5305ef60] = 592
 scopes data    [0x000001cb5305ef60,0x000001cb5305fe40] = 3808
 scopes pcs     [0x000001cb5305fe40,0x000001cb530603d0] = 1424
 dependencies   [0x000001cb530603d0,0x000001cb53060468] = 152
 handler table  [0x000001cb53060468,0x000001cb53060618] = 432
 nul chk table  [0x000001cb53060618,0x000001cb530606d0] = 184

[Constant Pool (empty)]

[MachCode]
[Entry Point]
  # {method} {0x000001cb6d3291c8} 'enterClass' '(Lcom/sun/tools/javac/code/Symbol$ModuleSymbol;Lcom/sun/tools/javac/util/Name;)Lcom/sun/tools/javac/code/Symbol$ClassSymbol;' in 'com/sun/tools/javac/code/Symtab'
  # this:     rdx:rdx   = 'com/sun/tools/javac/code/Symtab'
  # parm0:    r8:r8     = 'com/sun/tools/javac/code/Symbol$ModuleSymbol'
  # parm1:    r9:r9     = 'com/sun/tools/javac/util/Name'
  #           [sp+0xb0]  (sp of caller)
  0x000001cb5305ba40: 448b 5208 | 49bb 0000 | 0000 cb01 | 0000 4d03 | d349 3bc2 

  0x000001cb5305ba54: ;   {runtime_call ic_miss_stub}
  0x000001cb5305ba54: 0f85 2610 | 73ff 6690 | 0f1f 4000 
[Verified Entry Point]
  0x000001cb5305ba60: 8984 2400 | 90ff ff55 | 4881 eca0 | 0000 0048 | 8954 2448 | 4c89 4424 | 584d 85c0 | 0f84 0e27 
  0x000001cb5305ba80: 0000 4c89 | 4c24 5045 | 8b59 0c43 | 8b6c dc1c | 418b 5914 | 458b 4910 | 8bfb ffcf | 85ff 0f8c 
  0x000001cb5305baa0: b816 0000 

  0x000001cb5305baa4: ; implicit exception: dispatches to 0x000001cb5305e030
  0x000001cb5305baa4: 458b 44ec | 0c45 3bc8 | 0f83 7e25 | 0000 4d63 | d04d 63c1 | 4863 cf49 | 03c8 493b | ca0f 8369 
  0x000001cb5305bac4: 2500 0085 | ff0f 8e95 | 2500 0049 | 8d14 ec83 | c3fe 4533 | c044 8944 | 2420 448b | d745 03d1 
  0x000001cb5305bae4: 460f be44 | 1210 4183 | f82e 0f84 | 7011 0000 | ffcf 3bfb | 7fe4 83ff | 020f 8e98 | 0000 0044 
  0x000001cb5305bb04: 8bd7 4183 | c2fe 83ff | 0244 0f4c | 5424 2041 | 81fa a00f | 0000 b9a0 | 0f00 0044 | 0f47 d18b 
  0x000001cb5305bb24: cf41 2bca | 0f1f 8400 | 0000 0000 | 8bf7 4103 | f14c 63d6 | 460f be44 | 1210 4183 | f82e 0f84 
  0x000001cb5305bb44: 1c11 0000 | 460f be54 | 120f 4183 | fa2e 0f84 | 0a11 0000 | 448b c641 | 83c0 fe46 | 0fbe 5402 
  0x000001cb5305bb64: 1041 83fa | 2e0f 84af | 1400 0083 | c6fd 440f | be44 3210 | 4183 f82e | 0f84 dd10 | 0000 83c7 
  0x000001cb5305bb84: fc3b f97f | a749 8b9f 

  0x000001cb5305bb8c: ; ImmutableOopMap {r11=NarrowOop rdx=Oop rbp=NarrowOop [72]=Oop [80]=Oop [88]=Oop }
                      ;*goto {reexecute=1 rethrow=0 return_oop=0}
                      ; - (reexecute) com.sun.tools.javac.util.Name::lastIndexOf@36 (line 123)
                      ; - com.sun.tools.javac.util.Convert::packagePart@5 (line 332)
                      ; - com.sun.tools.javac.code.Symtab::enterClass@8 (line 758)
  0x000001cb5305bb8c: 5003 0000 

  0x000001cb5305bb90: ;   {poll}
  0x000001cb5305bb90: 8503 83ff | 020f 8f68 | ffff ff83 | ffff 7e1d | 448b c745 | 03c1 460f | be44 0210 | 4183 f82e 
  0x000001cb5305bbb0: 0f84 ae10 | 0000 ffcf | 83ff ff7f | e385 ff0f | 8c9f 1500 | 00e9 a210 | 0000 83c0 | feff c883 
  0x000001cb5305bbd0: f8ff 0f84 | fb00 0000 | 448b d145 | 03d1 460f | be54 1210 | 4183 fa2e | 0f84 9b05 | 0000 ffc9 
  0x000001cb5305bbf0: 3bcb 7fe4 | 83f9 020f | 8ea0 0000 | 0044 8bd9 | 4183 c3fe | 83f9 0244 | 0f4c 5c24 | 2041 81fb 
  0x000001cb5305bc10: a00f 0000 | 41ba a00f | 0000 450f | 47da 8bc1 | 412b c366 | 0f1f 8400 | 0000 0000 | 6666 6690 
  0x000001cb5305bc30: 8bd9 4103 | d94c 63d3 | 460f be44 | 1210 4183 | f82e 0f84 | 4105 0000 | 460f be5c | 120f 4183 
  0x000001cb5305bc50: fb2e 0f84 | 2f05 0000 | 448b db41 | 83c3 fe46 | 0fbe 5c1a | 1041 83fb | 2e0f 8422 | 1400 0083 
  0x000001cb5305bc70: c3fd 440f | be54 1a10 | 4183 fa2e | 0f84 0205 | 0000 83c1 | fc3b c87f | a74d 8baf 

  0x000001cb5305bc8c: ; ImmutableOopMap {rdi=NarrowOop rdx=Oop rsi=NarrowOop [72]=Oop [80]=Oop [88]=Oop }
                      ;*goto {reexecute=1 rethrow=0 return_oop=0}
                      ; - (reexecute) com.sun.tools.javac.util.Name::lastIndexOf@36 (line 123)
                      ; - com.sun.tools.javac.util.Convert::shortName@32 (line 317)
                      ; - com.sun.tools.javac.code.Symtab::enterClass@46 (line 763)
  0x000001cb5305bc8c: 5003 0000 

  0x000001cb5305bc90: ;   {poll}
  0x000001cb5305bc90: 4185 4500 | 83f9 020f | 8f60 ffff | ff83 f9ff | 0f8e e304 | 0000 6690 | 448b d945 | 03d9 460f 
  0x000001cb5305bcb0: be54 1a10 | 4183 fa2e | 0f84 cb04 | 0000 ffc9 | 83f9 ff7f | e3e9 bf04 | 0000 83f9 | ff0f 85b6 
  0x000001cb5305bcd0: 0400 0044 | 8b44 2460 | 4181 f800 | 0008 000f | 87bb 2700 | 0048 634c | 2460 4181 | f800 0008 
  0x000001cb5305bcf0: 000f 87f3 | 2000 004d | 8b97 0801 | 0000 48d1 | e148 83c1 | 174c 8bc1 | 4983 e0f8 | 498b da49 
  0x000001cb5305bd10: 03d8 493b | 9f18 0100 | 000f 83cb | 2000 0049 | 899f 0801 | 0000 0f0d | 8bc0 0000 | 0049 c702 
  0x000001cb5305bd30: 0100 0000 | 0f0d 8b00 

  0x000001cb5305bd38: ;   {metadata({type array char})}
  0x000001cb5305bd38: 0100 0041 | c742 0868 | 6100 008b | 7c24 6041 | 897a 0c0f | 0d8b 4001 | 0000 498b | fa48 83c7 
  0x000001cb5305bd58: 100f 0d8b | 8001 0000 | 48c1 e903 | 4883 c1fe | 4833 c048 | 83f9 087f | 1048 ffc9 | 784f 4889 
  0x000001cb5305bd78: 04cf 48ff | c97d f7eb | 44c5 fdef | c0e9 0d00 | 0000 c5fe | 7f07 c5fe | 7f47 2048 | 83c7 4048 
  0x000001cb5305bd98: 83e9 087d | ed48 83c1 | 047c 0cc5 | fe7f 0748 | 83c7 2048 | 83e9 0448 | 83c1 047e | 1048 ffc9 
  0x000001cb5305bdb8: c5f9 d607 | 4883 c708 | 48ff c97d | f34d 8bc2 | 4983 c010 | 4c89 4424 | 7844 8b44 | 2460 4489 
  0x000001cb5305bdd8: 8424 8000 | 0000 418b | c841 03c9 | 443b c90f | 8dac 1200 | 0041 8b7c | f40c c4c1 | f96e e241 
  0x000001cb5305bdf8: 8bd9 ffc3 | 443b cf0f | 8327 2700 | 0049 8d14 | f446 0fbe | 540a 1041 | 8bea 400f | b6ed 81fd 
  0x000001cb5305be18: e000 0000 | 0f8d 6f20 | 0000 81fd | c000 0000 | 0f8d b628 | 0000 448b | 9c24 8000 | 0000 4585 
  0x000001cb5305be38: db0f 8e06 | 2700 0045 | 85db 0f84 | f226 0000 | 4c8b 5424 | 7866 4189 | 2a3b d90f | 8d6b 0100 
  0x000001cb5305be58: 0044 8bc3 | 41ff c03b | df0f 8337 | 2100 0044 | 0fbe 541a | 1041 8bea | 400f b6ed | 81fd e000 
  0x000001cb5305be78: 0000 0f8d | 5120 0000 | 81fd c000 | 0000 0f8d | f400 0000 | 448b 9c24 | 8000 0000 | 4183 fb01 
  0x000001cb5305be98: 0f8e 1227 | 0000 b8e8 | 0300 0041 | bd01 0000 | 0044 8b8c | 2480 0000 | 0045 2bcd | 448b 9c24 
  0x000001cb5305beb8: 8000 0000 | 453b dd44 | 0f4c 4c24 | 2041 81f9 | e803 0000 | 440f 47c8 | 4503 cdeb | 6041 83e2 
  0x000001cb5305bed8: 0f41 8be8 | 83c5 0244 | 8bf5 41c1 | e20c 3bef | 0f83 9f29 | 0000 4d63 | d842 0fb6 | 6c1a 1146 
  0x000001cb5305bef8: 0fb6 5c1a | 1241 8bd8 | 83c3 0341 | 83e3 3f83 | e53f c1e5 | 0641 0bea | 410b eb66 | 0f1f 8400 
  0x000001cb5305bf18: 0000 0000 | 6666 6690 | 458b dd41 | ffc3 453b | d90f 8dd5 | 2000 0045 | 8beb 448b | c3c4 c1f9 
  0x000001cb5305bf38: 7ee3 6643 | 896c 6b10 | 443b c10f | 8d7e 0000 | 0041 8bd8 | ffc3 443b | c70f 8356 | 2000 0046 
  0x000001cb5305bf58: 0fbe 5402 | 1041 8bea | 400f b6ed | 81fd e000 | 0000 0f8d | 65ff ffff | 81fd c000 | 0000 7ca8 
  0x000001cb5305bf78: 448b c344 | 896c 2420 | 448b 5424 | 2045 8bda | 41ff c341 | 8bd8 ba45 | ffff ffc5 | fb11 6424 
  0x000001cb5305bf98: 2889 5c24 | 3089 4c24 | 3448 8944 | 24f8 8b44 | 2460 8944 | 243c 488b | 4424 f889 | 7424 6044 
  0x000001cb5305bfb8: 895c 2464 

  0x000001cb5305bfbc: ;   {runtime_call UncommonTrapBlob}
  0x000001cb5305bfbc: c5f8 77e8 

  0x000001cb5305bfc0: ; ImmutableOopMap {[40]=Oop [72]=Oop [80]=Oop [88]=Oop [96]=NarrowOop }
                      ;*if_icmplt {reexecute=1 rethrow=0 return_oop=0}
                      ; - (reexecute) com.sun.tools.javac.util.Convert::utf2chars@91 (line 125)
                      ; - com.sun.tools.javac.util.Convert::utf2string@9 (line 162)
                      ; - com.sun.tools.javac.util.Name::toString@12 (line 159)
                      ; - com.sun.tools.javac.util.Name::length@1 (line 66)
                      ; - com.sun.tools.javac.util.Convert::shortName@20 (line 313)
                      ; - com.sun.tools.javac.code.Symtab::enterClass@46 (line 763)
  0x000001cb5305bfc0: 3c63 73ff | 4533 ed45 | 8bd5 448b | 9c24 8000 | 0000 452b | da41 ffc2 | 4489 5424 | 2441 ffcb 
  0x000001cb5305bfe0: c4c1 f97e | e245 85db | 0f8c ca26 | 0000 448b | 4424 2445 | 85c0 0f84 | ff1b 0000 | 4863 6c24 
  0x000001cb5305c000: 2441 81f8 | 0000 1000 | 0f87 501e | 0000 4d8b | 9f08 0100 | 004c 8bc5 | 4983 c017 | 4983 e0f8 
  0x000001cb5305c020: 4d8b cb4d | 03c8 4d3b | 8f18 0100 | 000f 832b | 1e00 004d | 898f 0801 | 0000 410f | 0d89 c000 
  0x000001cb5305c040: 0000 49c7 | 0301 0000 | 0041 0f0d | 8900 0100 

  0x000001cb5305c050: ;   {metadata({type array byte})}
  0x000001cb5305c050: 0041 c743 | 0838 6700 | 008b 4c24 | 2441 894b | 0c41 0f0d | 8940 0100 | 0041 0f0d | 8980 0100 
  0x000001cb5305c070: 0044 8b84 | 2480 0000 | 0044 3b44 | 2424 0f82 | 2624 0000 | 4d8b ca49 | 8bfb 4883 | c710 488b 
  0x000001cb5305c090: 7424 788b | 5424 2452 | 8bc2 b900 | ff00 ff83 | e2f0 83e0 | 0f85 d20f | 8445 0000 | 00c5 f96e 
  0x000001cb5305c0b0: c1c5 f970 | c000 c5f1 | efc9 488d | 3456 488d | 3c17 48f7 | dac5 fa6f | 1c56 c5f1 | ebcb c5fa 
  0x000001cb5305c0d0: 6f54 5610 | c5f1 ebca | c4e2 7917 | c80f 856a | 0000 00c5 | e167 dac5 | fa7f 1c17 | 4883 c210 
  0x000001cb5305c0f0: 75d3 8bd0 | 83e2 f883 | e007 85d2 | 7428 c5f9 | 6ec1 c5f9 | 70c0 00c5 | e9ef d2c5 | fa6f 1ec4 
  0x000001cb5305c110: e279 17d8 | 7537 c5e1 | 67da c5f9 | d61f 4883 | c610 4883 | c708 8bd0 | 85d2 741e | 488d 3456 
  0x000001cb5305c130: 488d 3c17 | 48f7 da0f | b704 56a9 | 00ff 0000 | 750b 8804 | 1748 ffc2 | 75ed 58eb | 0633 c048 
  0x000001cb5305c150: 83c4 083b | 4424 240f | 85cb 1b00 | 0049 c1eb | 0333 c943 | 8b6c dc0c | d3fd 448b | 9424 8000 
  0x000001cb5305c170: 0000 443b | d574 56ba | 45ff ffff 

  0x000001cb5305c17c: ;   {runtime_call UncommonTrapBlob}
  0x000001cb5305c17c: c5f8 77e8 

  0x000001cb5305c180: ; ImmutableOopMap {[72]=Oop [80]=Oop [88]=Oop }
                      ;*if_icmpne {reexecute=1 rethrow=0 return_oop=0}
                      ; - (reexecute) com.sun.tools.javac.util.Convert::shortName@23 (line 313)
                      ; - com.sun.tools.javac.code.Symtab::enterClass@46 (line 763)
  0x000001cb5305c180: 7c61 73ff | 83c1 feff | c944 8bd9 | 41ff c344 | 8b44 2460 | 453b c30f | 8c9b 1000 | 0044 8b54 
  0x000001cb5305c1a0: 2460 442b | d141 ffca | 4103 c949 | 8d14 fcff | c14c 8bc6 | 49c1 e003 | 448b c941 | 8bfa 6690 
  0x000001cb5305c1c0: ;   {optimized virtual_call}
  0x000001cb5305c1c0: c5f8 77e8 

  0x000001cb5305c1c4: ; ImmutableOopMap {[72]=Oop [88]=Oop }
                      ;*invokevirtual fromUtf {reexecute=0 rethrow=0 return_oop=1}
                      ; - com.sun.tools.javac.util.Name::subName@24 (line 152)
                      ; - com.sun.tools.javac.util.Convert::shortName@41 (line 316)
                      ; - com.sun.tools.javac.code.Symtab::enterClass@46 (line 763)
  0x000001cb5305c1c4: 180c fdff | 4889 4424 | 504d 8b9f | 0801 0000 | 4d8b d349 | 83c2 584d | 3b97 1801 | 0000 0f83 
  0x000001cb5305c1e4: c01a 0000 | 4d89 9708 | 0100 0041 | 0f0d 8ac0 | 0000 0049 | c703 0100 | 0000 498b | fb48 83c7 
  0x000001cb5305c204: ;   {metadata('com/sun/tools/javac/code/Symbol$ClassSymbol')}
  0x000001cb5305c204: 1041 c743 | 08d0 6129 | 0145 8963 | 0cb9 0900 | 0000 c5fd | efc0 e90d | 0000 00c5 | fe7f 07c5 
  0x000001cb5305c224: fe7f 4720 | 4883 c740 | 4883 e908 | 7ded 4883 | c104 7c0c | c5fe 7f07 | 4883 c720 | 4883 e904 
  0x000001cb5305c244: 4883 c104 | 7e10 48ff | c9c5 f9d6 | 0748 83c7 | 0848 ffc9 | 7df3 4c89 | 5c24 384d | 8b87 0801 
  0x000001cb5305c264: 0000 4d8b | d049 83c2 | 304d 3b97 | 1801 0000 | 0f83 121a | 0000 4d89 | 9708 0100 | 0041 0f0d 
  0x000001cb5305c284: 8ac0 0000 | 0049 c700 | 0100 0000 

  0x000001cb5305c290: ;   {metadata('com/sun/tools/javac/code/Type$ClassType')}
  0x000001cb5305c290: 41c7 4008 | 78d4 2501 | 4d89 6010 | 4d89 6018 | 4d89 6020 | 4d89 6028 

  0x000001cb5305c2a8: ;   {oop(a 'com/sun/tools/javac/code/TypeMetadata'{0x0000000687c6ad50})}
  0x000001cb5305c2a8: 41c7 400c | aad5 f8d0 | 41c7 4014 | ffff ffff 

  0x000001cb5305c2b8: ;   {oop(a 'com/sun/tools/javac/code/Type$1'{0x0000000687c91408})}
  0x000001cb5305c2b8: 41c7 4018 | 8122 f9d0 | 4c8b 5424 | 5849 8bda | 48c1 eb03 | 4d8b d049 | 8bf0 48c1 | ee03 4c8b 
  0x000001cb5305c2d8: 6c24 5049 | 8bfd 48c1 

  0x000001cb5305c2e0: ;   {oop(a 'com/sun/tools/javac/code/Type$1'{0x0000000687c91408})}
  0x000001cb5305c2e0: ef03 49bb | 0814 c987 | 0600 0000 | 4d33 da49 

  0x000001cb5305c2f0: ;   {oop(a 'com/sun/tools/javac/code/Kinds$Kind'{0x0000000687c8f2e0})}
  0x000001cb5305c2f0: c1eb 1648 | bde0 f2c8 | 8706 0000 

  0x000001cb5305c2fc: ;   {oop(a 'com/sun/tools/javac/code/Symbol$Completer$1'{0x0000000686054850})}
  0x000001cb5305c2fc: 0049 be50 | 4805 8606 | 0000 004d | 85db 741a | 49c1 ea09 | 48b9 0020 | f157 cb01 | 0000 4903 
  0x000001cb5305c31c: ca80 3904 | 0f85 1f15 | 0000 4180 | 7f38 000f | 85c9 1100 | 0041 807f | 3800 0f85 | b10f 0000 
  0x000001cb5305c33c: 4180 7f38 | 000f 8540 | 1100 0041 | 807f 3800 | 0f85 8610 | 0000 4180 | 7f38 000f | 8561 1100 
  0x000001cb5305c35c: 0045 8960 | 1c45 8960 | 2045 8960 | 244c 8b54 

  0x000001cb5305c36c: ;   {oop(a 'com/sun/tools/javac/code/Kinds$Kind'{0x0000000687c8f2e0})}
  0x000001cb5305c36c: 2438 41c7 | 420c 5c1e | f9d0 4589 | 6028 4c8b | d54c 8b5c | 2438 4d33 | d349 c1ea | 164d 85d2 
  0x000001cb5305c38c: 741a 4981 | eb09 48b9 | 0020 f157 | cb01 0000 | 4903 cb80 | 3904 0f85 | f713 0000 | 4180 7f38 
  0x000001cb5305c3ac: 000f 8571 | 0f00 004c | 8b54 2438 | 4189 721c | 4d89 6210 | 4d8b d04c | 8b5c 2438 | 4d33 d349 
  0x000001cb5305c3cc: c1ea 164d | 85d2 741a | 49c1 eb09 | 48b9 0020 | f157 cb01 | 0000 4903 | cb80 3904 | 0f85 6813 
  0x000001cb5305c3ec: 0000 4180 | 7f38 000f | 8567 0f00 | 004c 8b54 | 2438 4189 | 5a20 4c8b | 5424 584c | 8b5c 2438 
  0x000001cb5305c40c: 4d33 d349 | c1ea 164d | 85d2 741a | 49c1 eb09 | 48b9 0020 | f157 cb01 | 0000 4903 | cb80 3904 
  0x000001cb5305c42c: 0f85 ca13 | 0000 4180 | 7f38 000f | 855f 0f00 | 004c 8b54 

  0x000001cb5305c440: ;   {oop(a 'com/sun/tools/javac/code/Symbol$Completer$1'{0x0000000686054850})}
  0x000001cb5305c440: 2438 41c7 | 4224 0aa9 | c0d0 4d8b | d64c 8b5c | 2438 4d33 | d349 c1ea | 164d 85d2 | 741a 49c1 
  0x000001cb5305c460: eb09 48b9 | 0020 f157 | cb01 0000 | 4903 cb80 | 3904 0f85 | 2514 0000 | 4180 7f38 | 000f 858c 
  0x000001cb5305c480: 0f00 0041 | 807f 3800 | 0f85 bd0f | 0000 4c8b | 5424 3841 | 897a 1845 | 8962 284d | 8bdd 4d33 
  0x000001cb5305c4a0: da49 c1eb | 164d 85db | 741f 4d85 | ed74 1a49 | c1ea 0948 | b900 20f1 | 57cb 0100 | 0049 03ca 
  0x000001cb5305c4c0: 8039 040f | 8529 1500 | 0041 807f | 3800 0f85 | a10d 0000 | 4c8b 5424 

  0x000001cb5305c4d8: ;   {oop(a 'com/sun/tools/javac/util/List$1'{0x00000006860037b8})}
  0x000001cb5305c4d8: 3841 c742 | 50f7 06c0 

  0x000001cb5305c4e0: ;   {oop(a 'com/sun/tools/javac/util/List$1'{0x00000006860037b8})}
  0x000001cb5305c4e0: d049 bab8 | 3700 8606 | 0000 004c | 8b5c 2438 | 4d33 d349 | c1ea 164d | 85d2 741a | 49c1 eb09 
  0x000001cb5305c500: 48b9 0020 | f157 cb01 | 0000 4903 | cb80 3904 | 0f85 f711 | 0000 4180 | 7f38 000f | 8590 0d00 
  0x000001cb5305c520: 004c 8b54 | 2458 418b | 6a0c 4c8b | 5424 3845 | 8862 3045 

  0x000001cb5305c534: ;   {oop(a 'com/sun/tools/javac/code/Kinds$Kind'{0x0000000687eaeb08})}
  0x000001cb5305c534: 8962 3481 | fd61 5dfd | d00f 842d | 1f00 0045 | 8b5c ec1c 

  0x000001cb5305c548: ; implicit exception: dispatches to 0x000001cb5305e9f0
  0x000001cb5305c548: 470f be54 

  0x000001cb5305c54c: ;   {oop(a 'com/sun/tools/javac/code/Kinds$KindSelector'{0x0000000689071ac0})}
  0x000001cb5305c54c: dc0c 49bb | c01a 0789 | 0600 0000 | 450f be43 | 0c45 23d0 | 4585 d20f | 855f 1c00 

  0x000001cb5305c568: ;   {oop(a 'com/sun/tools/javac/code/Kinds$Kind'{0x0000000687c8f2e0})}
  0x000001cb5305c568: 0081 fd5c | 1ef9 d00f | 84a5 0b00 | 004c 8b54 | 2458 418b | 6a34 458b | 5cec 0c47 | 8b54 dc0c 
  0x000001cb5305c588: 4585 d20f | 84f3 1a00 | 0043 3b6c | d414 0f84 | b80b 0000 | 4c89 6c24 | 2849 8d14 | ec41 b82e 
  0x000001cb5305c5a8: 0000 004d | 8bcd 4c8b | 5424 384c | 8954 2430 | 488b 6c24 | 3066 6690 

  0x000001cb5305c5c0: ;   {optimized virtual_call}
  0x000001cb5305c5c0: c5f8 77e8 

  0x000001cb5305c5c4: ; ImmutableOopMap {rbp=Oop [40]=Oop [48]=Oop [56]=Oop [72]=Oop [88]=Oop }
                      ;*invokevirtual append {reexecute=0 rethrow=0 return_oop=1}
                      ; - com.sun.tools.javac.code.Symbol$TypeSymbol::formFullName@83 (line 812)
                      ; - com.sun.tools.javac.code.Symbol$ClassSymbol::<init>@34 (line 1307)
                      ; - com.sun.tools.javac.code.Symbol$ClassSymbol::<init>@17 (line 1316)
                      ; - com.sun.tools.javac.code.Symtab::defineClass@7 (line 644)
                      ; - com.sun.tools.javac.code.Symtab::enterClass@50 (line 763)
  0x000001cb5305c5c4: b8e1 fcff | 488b d84c | 8b6c 2428 | 4180 7f38 | 000f 8556 | 0f00 004c | 8bd3 49c1 | ea03 4c8b 
  0x000001cb5305c5e4: 5c24 3845 | 8953 384d | 8bd3 4c8b | db4d 33da | 49c1 eb16 | 4d85 db74 | 1f48 85db | 741a 49c1 
  0x000001cb5305c604: ea09 48b9 | 0020 f157 | cb01 0000 | 4903 ca80 | 3904 0f85 | 1f14 0000 | 4c8b 5424 | 5845 8b5a 
  0x000001cb5305c624: 0c47 8b54 | dc1c 470f | be44 d40c 

  0x000001cb5305c630: ;   {oop(a 'com/sun/tools/javac/code/Kinds$KindSelector'{0x0000000689071ac0})}
  0x000001cb5305c630: 49ba c01a | 0789 0600 | 0000 450f | be52 0c45 | 23c2 4585 | c00f 853d 

  0x000001cb5305c648: ;   {oop(a 'com/sun/tools/javac/code/Kinds$Kind'{0x0000000687c8f2e0})}
  0x000001cb5305c648: 1d00 0041 | 81fb 5c1e | f9d0 0f84 | 9c0a 0000 | 41b8 2e00 | 0000 4c8b | 5424 5841 | 8b6a 3445 
  0x000001cb5305c668: 8b54 ec0c 

  0x000001cb5305c66c: ; implicit exception: dispatches to 0x000001cb5305ea30
  0x000001cb5305c66c: 478b 5cd4 | 0c45 85db | 0f84 1a1a | 0000 433b | 6cdc 140f | 84e8 0b00 | 0049 8d14 | ec4d 8bcd 
  0x000001cb5305c68c: 4c8b 5424 | 3849 8bea 

  0x000001cb5305c694: ;   {optimized virtual_call}
  0x000001cb5305c694: c5f8 77e8 

  0x000001cb5305c698: ; ImmutableOopMap {rbp=Oop [56]=Oop [72]=Oop [88]=Oop }
                      ;*invokevirtual append {reexecute=0 rethrow=0 return_oop=1}
                      ; - com.sun.tools.javac.code.Symbol$TypeSymbol::formFlatName@88 (line 826)
                      ; - com.sun.tools.javac.code.Symbol$ClassSymbol::<init>@44 (line 1308)
                      ; - com.sun.tools.javac.code.Symbol$ClassSymbol::<init>@17 (line 1316)
                      ; - com.sun.tools.javac.code.Symtab::defineClass@7 (line 644)
                      ; - com.sun.tools.javac.code.Symtab::enterClass@50 (line 763)
  0x000001cb5305c698: e4e0 fcff | 488b d841 | 807f 3800 | 0f85 770f | 0000 4c8b | c34c 8bdb | 49c1 eb03 | 4c8b 5424 
  0x000001cb5305c6b8: 3845 895a | 3c4c 8bd3 | 4c8b 5c24 | 384d 33d3 | 49c1 ea16 

  0x000001cb5305c6cc: ;   {oop(a 'com/sun/tools/javac/comp/Annotate$AnnotationTypeMetadata$1'{0x0000000687c8f588})}
  0x000001cb5305c6cc: 48bb 88f5 | c887 0600 | 0000 4d85 | d274 1f4d | 85c0 741a | 49c1 eb09 | 48b9 0020 | f157 cb01 
  0x000001cb5305c6ec: 0000 4903 | cb80 3904 | 0f85 8a13 | 0000 4180 | 7f38 000f | 85a4 0e00 | 0041 807f | 3800 0f85 
  0x000001cb5305c70c: 4d0f 0000 | 4180 7f38 | 000f 8552 | 0e00 004c | 8b54 2438 

  0x000001cb5305c720: ;   {oop(a 'com/sun/tools/javac/comp/Annotate$AnnotationTypeMetadata$1'{0x0000000687c8f588})}
  0x000001cb5305c720: 41c7 424c | b11e f9d0 | 4589 6244 | 4589 6240 | 4c8b d34c | 8b5c 2438 | 4d33 d349 | c1ea 164d 
  0x000001cb5305c740: 85d2 741a | 49c1 eb09 | 48b9 0020 | f157 cb01 | 0000 4903 | cb80 3904 | 0f85 8811 | 0000 4180 
  0x000001cb5305c760: 7f38 000f | 857c 0e00 | 004c 8b54 

  0x000001cb5305c76c: ;   {oop(a 'com/sun/tools/javac/util/List$1'{0x00000006860037b8})}
  0x000001cb5305c76c: 2438 41c7 | 4254 f706 

  0x000001cb5305c774: ;   {oop(a 'com/sun/tools/javac/util/List$1'{0x00000006860037b8})}
  0x000001cb5305c774: c0d0 49ba | b837 0086 | 0600 0000 | 4c8b 5c24 | 384d 33d3 | 49c1 ea16 | 4d85 d274 | 1a49 c1eb 
  0x000001cb5305c794: 0948 b900 | 20f1 57cb | 0100 0049 | 03cb 8039 | 040f 8584 | 1100 004c | 8b54 2438 | 418b 5a1c 
  0x000001cb5305c7b4: 85db 0f84 | e818 0000 | 4180 7f38 | 000f 850e | 0f00 004c | 8b54 2438 | 4c8b 5c24 | 3849 8bf3 
  0x000001cb5305c7d4: 48c1 ee03 | 4189 74dc | 104d 8d1c | dc4d 33d3 | 49c1 ea16 | 4d85 d274 | 1a49 c1eb | 0948 b900 
  0x000001cb5305c7f4: 20f1 57cb | 0100 0049 | 03cb 8039 | 040f 8571 | 1100 0041 | 807f 3800 | 0f85 870e | 0000 4c8b 
  0x000001cb5305c814: 5424 4845 | 8b5a 3c4c | 8b54 2438 | 4589 5a24 | 4d8b c349 | c1e0 034d | 33c2 49c1 | e816 4d85 
  0x000001cb5305c834: c074 1f45 | 85db 741a | 49c1 ea09 | 48b9 0020 | f157 cb01 | 0000 4903 | ca80 3904 | 0f85 7712 
  0x000001cb5305c854: 0000 4c8b | 5424 3845 | 8b42 3c4c | 8b54 2448 | 458b 9a88 | 0100 0047 | 8b54 dc08 | 4c8b 4c24 
  0x000001cb5305c874: 5841 8b49 

  0x000001cb5305c878: ;   {metadata('java/util/HashMap')}
  0x000001cb5305c878: 3c41 81fa | 087d 0b00 | 0f85 4a18 | 0000 894c | 2428 8974 | 2424 49c1 | e003 4b8d 

  0x000001cb5305c894: ;   {oop(a 'com/sun/tools/javac/code/Symtab$$Lambda$294+0x000001cb012eec50'{0x0000000689073de0})}
  0x000001cb5305c894: 14dc 49b9 | e03d 0789 | 0600 0000 | 488b 6c24 | 3866 6690 

  0x000001cb5305c8a8: ;   {optimized virtual_call}
  0x000001cb5305c8a8: c5f8 77e8 

  0x000001cb5305c8ac: ; ImmutableOopMap {rbp=Oop [36]=NarrowOop [40]=NarrowOop [56]=Oop }
                      ;*invokeinterface computeIfAbsent {reexecute=0 rethrow=0 return_oop=1}
                      ; - com.sun.tools.javac.code.Symtab::doEnterClass@13 (line 750)
                      ; - com.sun.tools.javac.code.Symtab::enterClass@62 (line 764)
  0x000001cb5305c8ac: d0c2 edff 

  0x000001cb5305c8b0: ; implicit exception: dispatches to 0x000001cb5305ea50
  0x000001cb5305c8b0: 448b 5008 

  0x000001cb5305c8b4: ;   {metadata('java/util/HashMap')}
  0x000001cb5305c8b4: 4181 fa08 | 7d0b 000f | 856f 2000 | 0048 8944 | 2430 448b | 5424 2845 | 85d2 0f84 | 9209 0000 
  0x000001cb5305c8d4: 4b8d 14d4 | 4c8b 1a4d | 8bc3 4983 | e007 4983 | f801 0f85 | d510 0000 | 49c1 eb08 | 418b c325 
  0x000001cb5305c8f4: ffff ff7f | 85c0 0f84 | c110 0000 | 8bd8 c1eb | 1033 d84c | 8b5c 2430 | 458b 5b24 | 4585 db0f 
  0x000001cb5305c914: 843f 0700 | 0047 8b4c | dc0c 4585 | c90f 86d5 | 1b00 004b | 8d34 dc45 | 8bd9 41ff | cb44 23db 
  0x000001cb5305c934: 4585 c90f | 8eb3 1700 | 004a 8d7c | 9e10 448b | 0745 85c0 | 0f84 0a01 | 0000 478b | 5cc4 0c4b 
  0x000001cb5305c954: 8d3c c444 | 3bdb 0f84 | 2508 0000 | 478b 5cc4 

  0x000001cb5305c964: ;   {metadata('java/util/HashMap$TreeNode')}
  0x000001cb5305c964: 0841 81fb | b8b5 1400 | 0f84 161d | 0000 478b | 5cc4 1845 | 85db 0f85 | 2907 0000 | 49be 0020 
  0x000001cb5305c984: f157 cb01 | 0000 448b | 6c24 2049 | 8baf 0801 | 0000 4c8b | dd49 83c3 | 204d 3b9f | 1801 0000 
  0x000001cb5305c9a4: 0f83 6d15 | 0000 4d89 | 9f08 0100 | 0041 0f0d | 8bc0 0000 | 0048 c745 | 0001 0000 

  0x000001cb5305c9c0: ;   {metadata('java/util/HashMap$Node')}
  0x000001cb5305c9c0: 00c7 4508 | 28b1 1400 | 4489 650c | 4c89 6510 | 4c89 6518 | 895d 0c44 | 8b44 2424 | 4489 4514 
  0x000001cb5305c9e0: 4489 5510 | 4180 7f38 | 000f 8519 | 1200 004c | 8bdd 49c1 | eb03 4489 | 5f18 4c8b | d74c 8bdd 
  0x000001cb5305ca00: 4d33 da49 | c1eb 164d | 85db 7411 | 49c1 ea09 | 4d03 f241 | 803e 040f | 8522 1200 | 0041 83fd 
  0x000001cb5305ca20: 070f 8cd9 | 0000 00ba | 45ff ffff | 4c8b 5424 | 3848 ff74 | 2430 488f | 4424 2089 | 5c24 284c 
  0x000001cb5305ca40: 8954 2430 | 4889 7424 | 3844 896c | 242c 6690 

  0x000001cb5305ca50: ;   {runtime_call UncommonTrapBlob}
  0x000001cb5305ca50: c5f8 77e8 

  0x000001cb5305ca54: ; ImmutableOopMap {[32]=Oop [48]=Oop [56]=Oop }
                      ;*if_icmplt {reexecute=1 rethrow=0 return_oop=0}
                      ; - (reexecute) java.util.HashMap::putVal@162 (line 641)
                      ; - java.util.HashMap::put@9 (line 610)
                      ; - com.sun.tools.javac.code.Symtab::doEnterClass@23 (line 750)
                      ; - com.sun.tools.javac.code.Symtab::enterClass@62 (line 764)
  0x000001cb5305ca54: a858 73ff | 498b af08 | 0100 004c | 8bc5 4983 | c020 4d3b | 8718 0100 | 000f 8351 | 1200 004d 
  0x000001cb5305ca74: 8987 0801 | 0000 410f | 0d88 c000 | 0000 48c7 | 4500 0100 

  0x000001cb5305ca88: ;   {metadata('java/util/HashMap$Node')}
  0x000001cb5305ca88: 0000 c745 | 0828 b114 | 0044 8965 | 0c4c 8965 | 104c 8965 | 1889 5d0c | 448b 4424 | 2444 8945 
  0x000001cb5305caa8: 1444 8955 | 1044 8b56 

  0x000001cb5305cab0: ;   {metadata('java/util/HashMap$Node'[])}
  0x000001cb5305cab0: 0841 81fa | 68ba 1400 | 0f85 8216 | 0000 4180 | 7f38 000f | 85af 1000 | 004c 8bd7 | 4c8b dd49 
  0x000001cb5305cad0: c1eb 0344 | 891f 4c8b | dd4d 33da | 49c1 eb16 | 4d85 db74 | 1b49 c1ea | 0949 b800 | 20f1 57cb 
  0x000001cb5305caf0: 0100 004d | 03c2 4180 | 3804 0f85 | ae10 0000 | 4c8b 5424 | 3041 ff42 | 1845 8b5a | 1c45 8b52 
  0x000001cb5305cb10: 1441 ffc2 | 4c8b 4424 | 3045 8950 | 1445 3bd3 | 0f8f 4506 | 0000 488b | 5c24 3848 | 8bc3 e920 
  0x000001cb5305cb30: 0300 0043 | 8b5c cc08 

  0x000001cb5305cb38: ;   {metadata('com/sun/tools/javac/util/SharedNameTable$NameImpl')}
  0x000001cb5305cb38: 81fb d0a2 | 2901 0f85 | 101e 0000 | 4c8b 4424 | 5041 8b58 | 0c4f 8d04 | cc41 8b68 | 0c3b dd0f 
  0x000001cb5305cb58: 8507 1c00 | 0045 8b48 | 1041 3bf9 | 0f84 ca01 | 0000 438b | 6cdc 1885 | ed0f 84d9 | 0000 0047 
  0x000001cb5305cb78: 8b4c dc08 

  0x000001cb5305cb7c: ;   {metadata('java/util/HashMap$TreeNode')}
  0x000001cb5305cb7c: 4181 f9b8 | b514 000f | 847b 1b00 | 0048 c1e5 | 0366 6690 | 448b 5d0c | 443b d90f | 859a 0000 
  0x000001cb5305cb9c: 0044 8b5d | 104d 8bc3 | 49c1 e003 | 4c8b 5c24 | 504d 3bc3 | 0f84 8201 | 0000 894c | 2440 4489 
  0x000001cb5305cbbc: 5424 3448 | 8944 24f8 | 8b44 2420 | 8944 2430 | 488b 4424 | f848 ff74 | 2448 488f | 4424 2048 
  0x000001cb5305cbdc: 8b54 2450 

  0x000001cb5305cbe0: ;   {optimized virtual_call}
  0x000001cb5305cbe0: c5f8 77e8 

  0x000001cb5305cbe4: ; ImmutableOopMap {rbp=Oop [32]=Oop [52]=NarrowOop [80]=Oop [88]=Oop }
                      ;*invokevirtual equals {reexecute=0 rethrow=0 return_oop=0}
                      ; - java.util.HashMap::getNode@128 (line 577)
                      ; - java.util.HashMap::getOrDefault@2 (line 1139)
                      ; - com.sun.tools.javac.code.Symtab::getClass@24 (line 672)
                      ; - com.sun.tools.javac.code.Symtab::enterClass@34 (line 761)
  0x000001cb5305cbe4: 9801 73ff | 85c0 7426 | 48ff 7424 | 2048 8f44 | 2448 4889 | 4424 f88b | 4424 3089 | 4424 2048 
  0x000001cb5305cc04: 8b44 24f8 | 448b 5424 | 34e9 2601 | 0000 48ff | 7424 2048 | 8f44 2448 | 4889 4424 | f88b 4424 
  0x000001cb5305cc24: 3089 4424 | 2048 8b44 | 24f8 448b | 5424 348b | 4c24 4049 | 8b97 5003 | 0000 8b75 

  0x000001cb5305cc40: ; ImmutableOopMap {r10=NarrowOop rsi=NarrowOop [72]=Oop [80]=Oop [88]=Oop }
                      ;*ifnonnull {reexecute=1 rethrow=0 return_oop=0}
                      ; - (reexecute) java.util.HashMap::getNode@145 (line 579)
                      ; - java.util.HashMap::getOrDefault@2 (line 1139)
                      ; - com.sun.tools.javac.code.Symtab::getClass@24 (line 672)
                      ; - com.sun.tools.javac.code.Symtab::enterClass@34 (line 761)
                      ;   {poll}
  0x000001cb5305cc40: 1885 0285 | f674 0949 | 8d2c f4e9 | 40ff ffff 

  0x000001cb5305cc50: ;   {oop(a 'java/util/Collections$EmptyMap'{0x0000000687ec1798})}
  0x000001cb5305cc50: 49b8 9817 | ec87 0600 | 0000 e9ea | 0000 0083 | c7fe ffcf | 85ff 0f8c | f804 0000 | 4c8b c549 
  0x000001cb5305cc70: c1e0 034b | 8d14 dc48 | 8b6c 2448 

  0x000001cb5305cc7c: ;   {optimized virtual_call}
  0x000001cb5305cc7c: c5f8 77e8 

  0x000001cb5305cc80: ; ImmutableOopMap {rbp=Oop [72]=Oop [80]=Oop [88]=Oop }
                      ;*invokevirtual fromUtf {reexecute=0 rethrow=0 return_oop=1}
                      ; - com.sun.tools.javac.util.Name::subName@24 (line 152)
                      ; - com.sun.tools.javac.util.Convert::packagePart@8 (line 332)
                      ; - com.sun.tools.javac.code.Symtab::enterClass@8 (line 758)
  0x000001cb5305cc80: 5c01 fdff | 4c8b c848 | 8bd5 4c8b | 4424 588b | 7c24 2090 

  0x000001cb5305cc94: ;   {optimized virtual_call}
  0x000001cb5305cc94: c5f8 77e8 

  0x000001cb5305cc98: ; ImmutableOopMap {rbp=Oop [72]=Oop [80]=Oop }
                      ;*invokevirtual lookupPackage {reexecute=0 rethrow=0 return_oop=1}
                      ; - com.sun.tools.javac.code.Symtab::lookupPackage@4 (line 676)
                      ; - com.sun.tools.javac.code.Symtab::enterClass@11 (line 758)
  0x000001cb5305cc98: 0415 ffff | 4889 4424 | 5844 8b50 | 3c45 85d2 | 0f84 0615 | 0000 8bad | 8801 0000 

  0x000001cb5305ccb4: ; implicit exception: dispatches to 0x000001cb5305e9c0
  0x000001cb5305ccb4: 458b 5cec 

  0x000001cb5305ccb8: ;   {metadata('java/util/HashMap')}
  0x000001cb5305ccb8: 0841 81fb | 087d 0b00 | 0f85 8a13 | 0000 4d8d | 1cec 458b | 4b24 4585 | c90f 8479 | ffff ff47 
  0x000001cb5305ccd8: 8b44 cc0c | 4585 c00f | 8687 1400 | 004c 8b5c | 2450 418b | 7b10 49c1 | e103 8bcf | c1e9 1033 
  0x000001cb5305ccf8: cf41 ffc8 | 4423 c147 | 8b5c 8110 | 4585 db0f | 8443 ffff | ff43 8b5c | dc0c 3bd9 | 0f85 50fe 
  0x000001cb5305cd18: ffff 478b | 4cdc 104d | 8bc1 49c1 | e003 488b | 5c24 504c | 3bc3 0f85 | fffd ffff | 4b8d 2cdc 
  0x000001cb5305cd38: 448b 4514 | 4585 c00f | 8447 1700 | 0049 c1e0 | 0345 8b58 

  0x000001cb5305cd4c: ;   {metadata('java/util/Map')}
  0x000001cb5305cd4c: 0848 b8b8 | 3801 00cb | 0100 0048 | be00 0000 | 00cb 0100 | 0049 03f3 | 4c8b 5e20 | 4c3b d80f 
  0x000001cb5305cd6c: 85b5 0200 | 004c 8b5c | 2450 458b | 4b14 4489 | 4c24 6041 | 8b48 0845 

  0x000001cb5305cd84: ;   {metadata('java/util/HashMap')}
  0x000001cb5305cd84: 8b4b 1081 | f908 7d0b 

  0x000001cb5305cd8c: ;   {metadata('java/util/Collections$EmptyMap')}
  0x000001cb5305cd8c: 0074 2581 | f900 9d12 | 000f 842c | 0100 00ba | c6ff ffff | 4c89 4424 | 3044 8954 | 2438 6690 
  0x000001cb5305cdac: ;   {runtime_call UncommonTrapBlob}
  0x000001cb5305cdac: c5f8 77e8 

  0x000001cb5305cdb0: ; ImmutableOopMap {[48]=Oop [56]=NarrowOop [72]=Oop [80]=Oop [88]=Oop }
                      ;*invokeinterface get {reexecute=0 rethrow=0 return_oop=0}
                      ; - com.sun.tools.javac.code.Symtab::getClass@33 (line 672)
                      ; - com.sun.tools.javac.code.Symtab::enterClass@34 (line 761)
  0x000001cb5305cdb0: 4c55 73ff | 418b 4824 | 85c9 0f84 | fe00 0000 | 458b 5ccc | 0c45 85db | 0f86 1217 | 0000 498d 
  0x000001cb5305cdd0: 3ccc 4b8d | 14d4 4c8b | 0241 ffcb | 498b c848 | 83e1 0748 | 83f9 010f | 8529 0d00 | 0049 c1e8 
  0x000001cb5305cdf0: 0841 8bc0 | 25ff ffff | 7f85 c00f | 8415 0d00 | 008b d8c1 | eb10 33d8 | 8bcb 4123 | cb8b 4c8f 
  0x000001cb5305ce10: 1085 c90f | 84a5 0000 | 0045 8b44 | cc0c 443b | c375 4e45 | 8b5c cc10 | 453b da75 | 3f4d 8d1c 
  0x000001cb5305ce30: cc41 8b6b | 1485 ed0f | 848a 0000 | 0045 8b5c 

  0x000001cb5305ce40: ;   {metadata('com/sun/tools/javac/code/Symbol$ClassSymbol')}
  0x000001cb5305ce40: ec08 4181 | fbd0 6129 | 010f 8541 | 1b00 0049 | 8d04 ecc5 | f877 4881 | c4a0 0000 

  0x000001cb5305ce5c: ;   {poll_return}
  0x000001cb5305ce5c: 005d 493b | a748 0300 | 000f 8745 | 1d00 00c3 | 453b d374 | bc41 8b6c | cc18 85ed | 7444 458b 
  0x000001cb5305ce7c: ;   {metadata('java/util/HashMap$TreeNode')}
  0x000001cb5305ce7c: 44cc 0841 | 81f8 b8b5 | 1400 0f84 | a018 0000 | 4d8d 1cec | 418b 4b0c | 3bcb 750e | 458b 4310 
  0x000001cb5305ce9c: 453b c274 | 9045 3bd0 | 748b 498b | b750 0300 | 0045 8b5b 

  0x000001cb5305ceb0: ; ImmutableOopMap {r10=NarrowOop r11=NarrowOop [72]=Oop [80]=Oop [88]=Oop }
                      ;*ifnonnull {reexecute=1 rethrow=0 return_oop=0}
                      ; - (reexecute) java.util.HashMap::getNode@145 (line 579)
                      ; - java.util.HashMap::get@2 (line 556)
                      ; - com.sun.tools.javac.code.Symtab::getClass@33 (line 672)
                      ; - com.sun.tools.javac.code.Symtab::enterClass@34 (line 761)
                      ;   {poll}
  0x000001cb5305ceb0: 1885 0645 | 85db 7406 | 49c1 e303 | ebd2 4c8b | 5424 5045 | 8b4a 104c | 8b54 2450 | 418b 7a0c 
  0x000001cb5305ced0: ; implicit exception: dispatches to 0x000001cb5305e9d0
  0x000001cb5305ced0: 418b 74fc | 1c4d 63d9 | 8b4c 2460 | ffc9 85c9 | 0f8c e4ed | ffff 458b | 54f4 0c45 | 3bca 0f83 
  0x000001cb5305cef0: c011 0000 | 4d63 c24c | 63d1 4d03 | d34d 3bd0 | 0f83 ae11 | 0000 85c9 | 0f8e 1612 | 0000 498d 
  0x000001cb5305cf10: 14f4 8b5c | 2460 83c3 | fe8b c144 | 8bc0 4503 | c146 0fbe | 4402 1041 | 83f8 2e0f | 849e ecff 
  0x000001cb5305cf30: ffff c83b | c37f e483 | f802 0f8e | a000 0000 | 448b c041 | 83c0 fe83 | f802 440f | 4c44 2420 
  0x000001cb5305cf50: 4181 f8a0 | 0f00 00bd | a00f 0000 | 440f 47c5 | 448b d045 | 2bd0 6666 | 0f1f 8400 | 0000 0000 
  0x000001cb5305cf70: 8be8 4103 | e948 63ed | 440f be44 | 2a10 4183 | f82e 0f84 | 47ec ffff | 440f be44 | 2a0f 4183 
  0x000001cb5305cf90: f82e 0f84 | 35ec ffff | 8be8 4103 | e944 8bc5 | 4183 c0fe | 460f be44 | 0210 4183 | f82e 0f84 
  0x000001cb5305cfb0: d500 0000 | 83c5 fd0f | be6c 2a10 | 83fd 2e0f | 8405 ecff | ff83 c0fc | 413b c27f | a34d 8bb7 
  0x000001cb5305cfd0: ; ImmutableOopMap {rdi=NarrowOop rdx=Oop rsi=NarrowOop [72]=Oop [80]=Oop [88]=Oop }
                      ;*goto {reexecute=1 rethrow=0 return_oop=0}
                      ; - (reexecute) com.sun.tools.javac.util.Name::lastIndexOf@36 (line 123)
                      ; - com.sun.tools.javac.util.Convert::shortName@3 (line 311)
                      ; - com.sun.tools.javac.code.Symtab::enterClass@46 (line 763)
  0x000001cb5305cfd0: 5003 0000 

  0x000001cb5305cfd4: ;   {poll}
  0x000001cb5305cfd4: 4185 0683 | f802 0f8f | 60ff ffff | 83f8 ff7f | 0e83 f8ff | 0f84 e5ec | ffff e9e5 | ebff ff44 
  0x000001cb5305cff4: 8bd0 4503 | d146 0fbe | 5412 1041 | 83fa 2e0f | 84c6 ebff | ffff c883 | f8ff 7fe3 | 83f8 ff0f 
  0x000001cb5305d014: 84ba ecff | ffe9 baeb | ffff 83c7 | fee9 3efc | ffff 488b | 7e28 8b0f | 4883 c708 | 4885 c0f2 
  0x000001cb5305d034: 48af 0f85 | 0400 0000 | 4889 4620 | 0f84 2bfd | ffff bade | ffff ff49 | 8be8 6690 

  0x000001cb5305d050: ;   {runtime_call UncommonTrapBlob}
  0x000001cb5305d050: c5f8 77e8 

  0x000001cb5305d054: ; ImmutableOopMap {rbp=Oop }
                      ;*checkcast {reexecute=0 rethrow=0 return_oop=0}
                      ; - com.sun.tools.javac.code.Symtab::getClass@29 (line 672)
                      ; - com.sun.tools.javac.code.Symtab::enterClass@34 (line 761)
  0x000001cb5305d054: a852 73ff | 895c 242c | 4489 5424 | 2848 8b54 | 2430 488b | 6c24 3890 

  0x000001cb5305d06c: ;   {optimized virtual_call}
  0x000001cb5305d06c: c5f8 77e8 

  0x000001cb5305d070: ; ImmutableOopMap {rbp=Oop [36]=NarrowOop [40]=NarrowOop [48]=Oop [56]=Oop }
                      ;*invokevirtual resize {reexecute=0 rethrow=0 return_oop=1}
                      ; - java.util.HashMap::putVal@20 (line 627)
                      ; - java.util.HashMap::put@9 (line 610)
                      ; - com.sun.tools.javac.code.Symtab::doEnterClass@23 (line 750)
                      ; - com.sun.tools.javac.code.Symtab::enterClass@62 (line 764)
  0x000001cb5305d070: 8c60 daff | 488b f044 | 8b48 0c44 | 8b54 2428 | 8b5c 242c | e9a2 f8ff | ff83 c0fe | e93e ebff 
  0x000001cb5305d090: ff83 c1fe | e9f0 f0ff | ff45 33c9 | 458b d844 | 894c 2424 | e93c efff | ff4b 8d3c | dc49 be00 
  0x000001cb5305d0b0: 20f1 57cb | 0100 0066 | 0f1f 8400 | 0000 0000 | 448b 4f0c | 443b cb0f | 8476 0100 | 0049 8b97 
  0x000001cb5305d0d0: 5003 0000 | 8b4f 1844 | 8b6c 2420 

  0x000001cb5305d0dc: ; ImmutableOopMap {r10=NarrowOop rcx=NarrowOop rdi=Oop rsi=Oop [36]=NarrowOop [48]=Oop [56]=Oop }
                      ;*goto {reexecute=1 rethrow=0 return_oop=0}
                      ; - (reexecute) java.util.HashMap::putVal@219 (line 638)
                      ; - java.util.HashMap::put@9 (line 610)
                      ; - com.sun.tools.javac.code.Symtab::doEnterClass@23 (line 750)
                      ; - com.sun.tools.javac.code.Symtab::enterClass@62 (line 764)
                      ;   {poll}
  0x000001cb5305d0dc: 41ff c585 | 0285 c90f | 84a6 f8ff | ff49 8d3c | cc44 896c | 2420 ebcc | 4c8b 5424 | 5841 8b6a 
  0x000001cb5305d0fc: 1c45 8b54 

  0x000001cb5305d100: ;   {metadata('com/sun/tools/javac/code/Type$ClassType')}
  0x000001cb5305d100: ec08 4181 | fa78 d425 | 010f 8539 | 1600 0041 | b824 0000 | 00e9 44f5 | ffff 4c8b | 5424 5841 
  0x000001cb5305d120: 8b6a 1c45 | 8b5c ec08 

  0x000001cb5305d128: ;   {metadata('com/sun/tools/javac/code/Type$ClassType')}
  0x000001cb5305d128: 4181 fb78 | d425 010f | 8440 f4ff | ffba 66ff | ffff 48ff | 7424 4848 | 8f44 2430 | 4c89 6c24 
  0x000001cb5305d148: 6866 6690 

  0x000001cb5305d14c: ;   {runtime_call UncommonTrapBlob}
  0x000001cb5305d14c: c5f8 77e8 

  0x000001cb5305d150: ; ImmutableOopMap {rbp=NarrowOop [48]=Oop [56]=Oop [88]=Oop [104]=Oop }
                      ;*invokevirtual getTag {reexecute=0 rethrow=0 return_oop=0}
                      ; - com.sun.tools.javac.code.Type::hasTag@2 (line 147)
                      ; - com.sun.tools.javac.code.Symbol$TypeSymbol::formFullName@46 (line 807)
                      ; - com.sun.tools.javac.code.Symbol$ClassSymbol::<init>@34 (line 1307)
                      ; - com.sun.tools.javac.code.Symbol$ClassSymbol::<init>@17 (line 1316)
                      ; - com.sun.tools.javac.code.Symtab::defineClass@7 (line 644)
                      ; - com.sun.tools.javac.code.Symtab::enterClass@50 (line 763)
  0x000001cb5305d150: ac51 73ff | 498b dde9 | 74f4 ffff | 4533 c044 | 8944 2420 | 33ff e901 | fbff ff48 | 8b54 2430 
  0x000001cb5305d170: 488b 6c24 | 3866 6690 

  0x000001cb5305d178: ;   {optimized virtual_call}
  0x000001cb5305d178: c5f8 77e8 

  0x000001cb5305d17c: ; ImmutableOopMap {rbp=Oop [48]=Oop [56]=Oop }
                      ;*invokevirtual resize {reexecute=0 rethrow=0 return_oop=1}
                      ; - java.util.HashMap::putVal@288 (line 661)
                      ; - java.util.HashMap::put@9 (line 610)
                      ; - com.sun.tools.javac.code.Symtab::doEnterClass@23 (line 750)
                      ; - com.sun.tools.javac.code.Symtab::enterClass@62 (line 764)
  0x000001cb5305d17c: 00fc 72ff | e9a1 f9ff | ff43 8b6c | c410 413b | ea74 1245 | 85d2 0f84 | c016 0000 | 443b d50f 
  0x000001cb5305d19c: 85bf f7ff | ff49 be00 | 20f1 57cb | 0100 0041 | 807f 3800 | 0f85 b10d | 0000 448b | 5424 2444 
  0x000001cb5305d1bc: 8957 1448 | 8b5c 2438 | 4c8b d34c | 8bdf 4d33 | d349 c1ea | 164d 85d2 | 0f84 51f9 | ffff 49c1 
  0x000001cb5305d1dc: eb09 4d03 | f341 803e | 040f 8440 | f9ff ff4d | 8b57 404d | 8b5f 50f0 | 8344 24c0 | 0041 803e 
  0x000001cb5305d1fc: 000f 8428 | f9ff ff45 | 8826 4d85 | d275 1b49 | 8bce 498b | d7c5 f877 | 49ba c0fb | 5dd6 fc7f 
  0x000001cb5305d21c: 0000 41ff | d2e9 05f9 | ffff 4f89 | 7413 f849 | 83c2 f84d | 8957 40e9 | f3f8 ffff | 4533 db45 
  0x000001cb5305d23c: 8bd3 e965 | efff ff8b | 6f10 413b | ea0f 845c | ffff ff45 | 85d2 0f84 | df15 0000 | 443b d50f 
  0x000001cb5305d25c: 856c feff | ffe9 45ff | ffff 33db | e99a f6ff | ff49 8bdd | e92a f4ff | ff4c 8b54 | 2438 458b 
  0x000001cb5305d27c: 5a50 4585 | db0f 844d | f2ff ff4d | 8b57 2049 | 8bcb 48c1 | e103 4d85 | d20f 8455 | 0f00 004d 
  0x000001cb5305d29c: 8b5f 304b | 894c 13f8 | 4983 c2f8 | 4d89 5720 | e923 f2ff | ff4c 8b54 | 2438 458b | 5a34 4585 
  0x000001cb5305d2bc: db0f 845e | f2ff ff4d | 8b57 2049 | 8bcb 48c1 | e103 4d85 | d20f 8461 | 0f00 004d | 8b5f 304b 
  0x000001cb5305d2dc: 894c 13f8 | 4983 c2f8 | 4d89 5720 | e934 f2ff | ff45 8b50 | 2045 85d2 | 0f84 42f0 | ffff 4d8b 
  0x000001cb5305d2fc: 5f20 498b | ca48 c1e1 | 034d 85db | 0f84 ca0f | 0000 4d8b | 5730 4b89 | 4c1a f849 | 83c3 f84d 
  0x000001cb5305d31c: 895f 20e9 | 18f0 ffff | 4c8b 5424 | 3845 8b52 | 1c45 85d2 | 0f84 7df0 | ffff 4d8b | 5f20 498b 
  0x000001cb5305d33c: ca48 c1e1 | 034d 85db | 0f84 360f | 0000 4d8b | 5730 4b89 | 4c1a f849 | 83c3 f84d | 895f 20e9 
  0x000001cb5305d35c: 53f0 ffff | 4c8b 5424 | 3845 8b52 | 2045 85d2 | 0f84 87f0 | ffff 4d8b | 5f20 498b | ca48 c1e1 
  0x000001cb5305d37c: 034d 85db | 0f84 ca0e | 0000 4d8b | 5730 4b89 | 4c1a f849 | 83c3 f84d | 895f 20e9 | 5df0 ffff 
  0x000001cb5305d39c: 4c8b 5424 | 3845 8b52 | 2445 85d2 | 0f84 8ff0 | ffff 4d8b | 5f20 498b | ca48 c1e1 | 034d 85db 
  0x000001cb5305d3bc: 0f84 a60e | 0000 4d8b | 5730 4b89 | 4c1a f849 | 83c3 f84d | 895f 20e9 | 65f0 ffff | 458b 5028 
  0x000001cb5305d3dc: 4585 d20f | 846d efff | ff4d 8b5f | 2049 8bca | 48c1 e103 | 4d85 db0f | 840b 0f00 | 004d 8b57 
  0x000001cb5305d3fc: 304b 894c | 1af8 4983 | c3f8 4d89 | 5f20 e943 | efff ff4c | 8b54 2438 | 458b 5228 | 4585 d20f 
  0x000001cb5305d41c: 8462 f0ff | ff4d 8b5f | 2049 8bca | 48c1 e103 | 4d85 db0f | 84eb 0d00 | 004d 8b57 | 304b 894c 
  0x000001cb5305d43c: 1af8 4983 | c3f8 4d89 | 5f20 e938 | f0ff ff4c | 8b54 2438 | 458b 5218 | 4585 d20f | 8431 f0ff 
  0x000001cb5305d45c: ff4d 8b5f | 2049 8bca | 48c1 e103 | 4d85 db0f | 8497 0d00 | 004d 8b57 | 304b 894c | 1af8 4983 
  0x000001cb5305d47c: c3f8 4d89 | 5f20 e907 | f0ff ff45 | 8b58 2445 | 85db 0f84 | b3ee ffff | 4d8b 5720 | 498b cb48 
  0x000001cb5305d49c: c1e1 034d | 85d2 0f84 | 040e 0000 | 4d8b 5f30 | 4b89 4c13 | f849 83c2 | f84d 8957 | 20e9 89ee 
  0x000001cb5305d4bc: ffff 4c8b | 5424 3845 | 8b5a 0c45 | 85db 0f84 | 8dee ffff | 4d8b 5720 | 498b cb48 | c1e1 034d 
  0x000001cb5305d4dc: 85d2 0f84 | 4c0e 0000 | 4d8b 5f30 | 4b89 4c13 | f849 83c2 | f84d 8957 | 20e9 63ee | ffff 458b 
  0x000001cb5305d4fc: 581c 4585 | db0f 842a | eeff ff4d | 8b57 2049 | 8bcb 48c1 | e103 4d85 | d20f 8441 | 0e00 004d 
  0x000001cb5305d51c: 8b5f 304b | 894c 13f8 | 4983 c2f8 | 4d89 5720 | e900 eeff | ff4c 8b54 | 2438 458b | 5a38 4585 
  0x000001cb5305d53c: db0f 8498 | f0ff ff4d | 8b57 2049 | 8bcb 48c1 | e103 4d85 | d20f 8459 | 0e00 004d | 8b5f 304b 
  0x000001cb5305d55c: 894c 13f8 | 4983 c2f8 | 4d89 5720 | e96e f0ff | ff4c 8b54 | 2438 458b | 5a4c 4585 

  0x000001cb5305d578: ;   {no_reloc}
  0x000001cb5305d578: db0f 849c | f1ff ff4d | 8b57 2049 | 8bcb 48c1 | e103 4d85 | d20f 847d | 0e00 004d | 8b5f 304b 
  0x000001cb5305d598: 894c 13f8 | 4983 c2f8 | 4d89 5720 | e972 f1ff | ff4c 8b54 | 2438 458b | 5a40 4585 | db0f 844a 
  0x000001cb5305d5b8: f1ff ff4d | 8b57 2049 | 8bcb 48c1 | e103 4d85 | d20f 8411 | 0e00 004d | 8b5f 304b | 894c 13f8 
  0x000001cb5305d5d8: 4983 c2f8 | 4d89 5720 | e920 f1ff | ff4c 8b54 | 2438 458b | 5a54 4585 | db0f 8472 | f1ff ff4d 
  0x000001cb5305d5f8: 8b57 2049 | 8bcb 48c1 | e103 4d85 | d20f 84bd | 0d00 004d | 8b5f 304b | 894c 13f8 | 4983 c2f8 
  0x000001cb5305d618: 4d89 5720 | e948 f1ff | ff4c 8b54 | 2438 458b | 523c 4585 | d20f 8477 | f0ff ff4d | 8b5f 2049 
  0x000001cb5305d638: 8bca 48c1 | e103 4d85 | db0f 84b1 | 0d00 004d | 8b57 304b | 894c 1af8 | 4983 c3f8 | 4d89 5f20 
  0x000001cb5305d658: e94d f0ff | ff4c 8b54 | 2438 458b | 5a44 4585 | db0f 84a1 | f0ff ff4d | 8b57 2049 | 8bcb 48c1 
  0x000001cb5305d678: e103 4d85 | d20f 84a5 | 0d00 004d | 8b5f 304b | 894c 13f8 | 4983 c2f8 | 4d89 5720 | e977 f0ff 
  0x000001cb5305d698: ff4c 8b54 | 2438 458b | 5224 4585 | d20f 8467 | f1ff ff4d | 8b5f 2049 | 8bca 48c1 | e103 4d85 
  0x000001cb5305d6b8: db0f 8481 | 0d00 004d | 8b57 304b | 894c 1af8 | 4983 c3f8 | 4d89 5f20 | e93d f1ff | ff45 8b54 
  0x000001cb5305d6d8: dc10 4585 | d20f 84e4 | f0ff ff4d | 8b5f 2049 | 8bca 48c1 | e103 4d85 | db0f 8461 | 0d00 004d 
  0x000001cb5305d6f8: 8b57 304b | 894c 1af8 | 4983 c3f8 | 4d89 5f20 | e9ba f0ff | ff4d 8b57 | 404d 8b5f | 50f0 8344 
  0x000001cb5305d718: 24c0 0080 | 3900 0f84 | f2ed ffff | 4488 214d | 85d2 7518 | 498b d7c5 | f877 49ba | c0fb 5dd6 
  0x000001cb5305d738: fc7f 0000 | 41ff d2e9 | d2ed ffff | 4b89 4c13 | f849 83c2 | f84d 8957 | 40e9 c0ed | ffff 4d8b 
  0x000001cb5305d758: 5740 4d8b | 5f50 f083 | 4424 c000 | 8039 000f | 8481 ecff | ff44 8821 | 4d85 d275 | 1849 8bd7 
  0x000001cb5305d778: c5f8 7749 | bac0 fb5d | d6fc 7f00 | 0041 ffd2 | e961 ecff | ff4b 894c | 13f8 4983 | c2f8 4d89 
  0x000001cb5305d798: 5740 e94f | ecff ff4d | 8b57 404d | 8b5f 50f0 | 8344 24c0 | 0080 3900 | 0f84 f2eb | ffff 4488 
  0x000001cb5305d7b8: 214d 85d2 | 752c 4c89 | 4424 404c | 896c 2430 | 498b d7c5 | f877 49ba | c0fb 5dd6 | fc7f 0000 
  0x000001cb5305d7d8: 41ff d24c | 8b6c 2430 | 4c8b 4424 | 40e9 beeb | ffff 4b89 | 4c13 f849 | 83c2 f84d | 8957 40e9 
  0x000001cb5305d7f8: aceb ffff | 4d8b 5740 | 4d8b 5f50 | f083 4424 | c000 8039 | 000f 841f | ecff ff44 | 8821 4d85 
  0x000001cb5305d818: d275 1849 | 8bd7 c5f8 | 7749 bac0 | fb5d d6fc | 7f00 0041 | ffd2 e9ff | ebff ff4b | 894c 13f8 
  0x000001cb5305d838: 4983 c2f8 | 4d89 5740 | e9ed ebff | ff4d 8b57 | 504d 8b5f | 40f0 8344 | 24c0 0080 | 3900 0f84 
  0x000001cb5305d858: caea ffff | 4488 214d | 85db 7527 | 4c89 4424 | 4049 8bd7 | c5f8 7749 | bac0 fb5d | d6fc 7f00 
  0x000001cb5305d878: 0041 ffd2 | 4c8b 6c24 | 504c 8b44 | 2440 e99b | eaff ff4b | 894c 1af8 | 4983 c3f8 | 4d89 5f40 
  0x000001cb5305d898: e989 eaff | ff4d 8b57 | 404d 8b5f | 50f0 8344 | 24c0 0080 | 3900 0f84 | c4eb ffff | 4488 214d 
  0x000001cb5305d8b8: 85d2 7518 | 498b d7c5 | f877 49ba | c0fb 5dd6 | fc7f 0000 | 41ff d2e9 | a4eb ffff | 4b89 4c13 
  0x000001cb5305d8d8: f849 83c2 | f84d 8957 | 40e9 92eb | ffff 4d8b | 5740 4d8b | 5f50 f083 | 4424 c000 | 8039 000f 
  0x000001cb5305d8f8: 8461 eeff | ff44 8821 | 4d85 d275 | 1849 8bd7 | c5f8 7749 | bac0 fb5d | d6fc 7f00 | 0041 ffd2 
  0x000001cb5305d918: e941 eeff | ff4b 894c | 13f8 4983 | c2f8 4d89 | 5740 e92f | eeff ff4d | 8b57 404d | 8b5f 50f0 
  0x000001cb5305d938: 8344 24c0 | 0080 3900 | 0f84 65ee | ffff 4488 | 214d 85d2 | 7518 498b | d7c5 f877 | 49ba c0fb 
  0x000001cb5305d958: 5dd6 fc7f | 0000 41ff | d2e9 45ee | ffff 4b89 | 4c13 f849 | 83c2 f84d | 8957 40e9 | 33ee ffff 
  0x000001cb5305d978: ;   {no_reloc}
  0x000001cb5305d978: 4d8b 5740 | 4d8b 5f50 | f083 4424 | c000 8039 | 000f 8478 | eeff ff44 | 8821 4d85 | d275 1849 
  0x000001cb5305d998: 8bd7 c5f8 | 7749 bac0 | fb5d d6fc | 7f00 0041 | ffd2 e958 | eeff ff4b | 894c 13f8 | 4983 c2f8 
  0x000001cb5305d9b8: 4d89 5740 | e946 eeff | ff48 ff74 | 2430 488f | 4424 2841 | 8bea 48ff | 7424 3848 | 8f44 2430 
  0x000001cb5305d9d8: ;   {optimized virtual_call}
  0x000001cb5305d9d8: c5f8 77e8 

  0x000001cb5305d9dc: ; ImmutableOopMap {rbp=NarrowOop [36]=NarrowOop [40]=Oop [48]=Oop [56]=Oop }
                      ;*invokevirtual hashCode {reexecute=0 rethrow=0 return_oop=0}
                      ; - java.util.HashMap::hash@9 (line 338)
                      ; - java.util.HashMap::put@2 (line 610)
                      ; - com.sun.tools.javac.code.Symtab::doEnterClass@23 (line 750)
                      ; - com.sun.tools.javac.code.Symtab::enterClass@62 (line 764)
  0x000001cb5305d9dc: a0f3 72ff | 448b d548 | ff74 2428 | 488f 4424 | 30e9 0eef | ffff 4d8b | 5740 4d8b | 5f50 f083 
  0x000001cb5305d9fc: 4424 c000 | 8039 000f | 84c0 eaff | ff44 8821 | 4d85 d275 | 1849 8bd7 | c5f8 7749 | bac0 fb5d 
  0x000001cb5305da1c: d6fc 7f00 | 0041 ffd2 | e9a0 eaff | ff4b 894c | 13f8 4983 | c2f8 4d89 | 5740 e98e | eaff ff4d 
  0x000001cb5305da3c: 8b57 504d | 8b5f 40f0 | 8344 24c0 | 0080 3900 | 0f84 caeb | ffff 4488 | 214d 85db | 7518 498b 
  0x000001cb5305da5c: d7c5 f877 | 49ba c0fb | 5dd6 fc7f | 0000 41ff | d2e9 aaeb | ffff 4b89 | 4c1a f849 | 83c3 f84d 
  0x000001cb5305da7c: 895f 40e9 | 98eb ffff | 4d8b 5750 | 4d8b 5f40 | f083 4424 | c000 8039 | 000f 845f | ecff ff44 
  0x000001cb5305da9c: 8821 4d85 | db75 1849 | 8bd7 c5f8 | 7749 bac0 | fb5d d6fc | 7f00 0041 | ffd2 e93f | ecff ff4b 
  0x000001cb5305dabc: 894c 1af8 | 4983 c3f8 | 4d89 5f40 | e92d ecff | ff4d 8b57 | 504d 8b5f | 40f0 8344 | 24c0 0080 
  0x000001cb5305dadc: 3900 0f84 | 72ed ffff | 4488 214d | 85db 7518 | 498b d7c5 | f877 49ba | c0fb 5dd6 | fc7f 0000 
  0x000001cb5305dafc: 41ff d2e9 | 52ed ffff | 4b89 4c1a | f849 83c3 | f84d 895f | 40e9 40ed | ffff 4889 | 7c24 4044 
  0x000001cb5305db1c: 895c 2438 | 4489 5424 | 2c48 8944 | 24f8 8b44 | 2420 8944 | 2428 488b | 4424 f890 

  0x000001cb5305db38: ;   {optimized virtual_call}
  0x000001cb5305db38: c5f8 77e8 

  0x000001cb5305db3c: ; ImmutableOopMap {[44]=NarrowOop [64]=Oop [72]=Oop [80]=Oop [88]=Oop }
                      ;*invokevirtual hashCode {reexecute=0 rethrow=0 return_oop=0}
                      ; - java.util.HashMap::hash@9 (line 338)
                      ; - java.util.HashMap::getNode@23 (line 568)
                      ; - java.util.HashMap::get@2 (line 556)
                      ; - com.sun.tools.javac.code.Symtab::getClass@33 (line 672)
                      ; - com.sun.tools.javac.code.Symtab::enterClass@34 (line 761)
  0x000001cb5305db3c: 40f2 72ff | 4c8b 5424 | 5045 8b4a | 1045 8b52 | 1444 8954 | 2460 4889 | 4424 f88b | 4424 2889 
  0x000001cb5305db5c: 4424 2048 | 8b44 24f8 | 448b 5424 | 2c44 8b5c | 2438 488b | 7c24 40e9 | 89f2 ffff | 448b 1f45 
  0x000001cb5305db7c: 85db 0f84 | 45ef ffff | 4d8b 5720 | 498b cb48 | c1e1 034d | 85d2 0f84 | 000a 0000 | 4d8b 5f30 
  0x000001cb5305db9c: 4b89 4c13 | f849 83c2 | f84d 8957 | 20e9 1bef | ffff 4d8b | 5740 4d8b | 5f50 f083 | 4424 c000 
  0x000001cb5305dbbc: 4180 3800 | 0f84 3aef | ffff 4588 | 204d 85d2 | 751b 498b | c849 8bd7 | c5f8 7749 | bac0 fb5d 
  0x000001cb5305dbdc: d6fc 7f00 | 0041 ffd2 | e917 efff | ff4f 8944 | 13f8 4983 | c2f8 4d89 | 5740 e905 

  0x000001cb5305dbf8: ;   {oop([B{0x0000000687d7dcd8})}
  0x000001cb5305dbf8: efff ff41 | bb9b fbfa | d033 c9e9 | 5be5 ffff | 448b 5718 | 4585 d20f | 84da edff | ff4d 8b5f 
  0x000001cb5305dc18: 2049 8bca | 48c1 e103 | 4d85 db0f | 84c3 0a00 | 004d 8b57 | 304b 894c | 1af8 4983 | c3f8 4d89 
  0x000001cb5305dc38: 5f20 e9b0 | edff ff4d | 8b57 504d | 8b5f 40f0 | 8344 24c0 | 0041 803e | 000f 84c6 | edff ff45 
  0x000001cb5305dc58: 8826 4d85 | db75 1b49 | 8bce 498b | d7c5 f877 | 49ba c0fb | 5dd6 fc7f | 0000 41ff | d2e9 a3ed 
  0x000001cb5305dc78: ffff 4f89 | 741a f849 | 83c3 f84d | 895f 40e9 | 91ed ffff 

  0x000001cb5305dc8c: ;   {metadata('com/sun/tools/javac/code/Type$ClassType')}
  0x000001cb5305dc8c: 48ba 78d4 | 2501 cb01 | 0000 6690 

  0x000001cb5305dc98: ;   {runtime_call _new_instance_Java}
  0x000001cb5305dc98: c5f8 77e8 

  0x000001cb5305dc9c: ; ImmutableOopMap {[56]=Oop [72]=Oop [80]=Oop [88]=Oop }
                      ;*new {reexecute=0 rethrow=0 return_oop=1}
                      ; - com.sun.tools.javac.code.Symbol$ClassSymbol::<init>@3 (line 1316)
                      ; - com.sun.tools.javac.code.Symtab::defineClass@7 (line 644)
                      ; - com.sun.tools.javac.code.Symtab::enterClass@50 (line 763)
  0x000001cb5305dc9c: 60d2 7dff | 4c8b c0e9 | 00e6 ffff 

  0x000001cb5305dca8: ;   {metadata('com/sun/tools/javac/code/Symbol$ClassSymbol')}
  0x000001cb5305dca8: 48ba d061 | 2901 cb01 | 0000 6690 

  0x000001cb5305dcb4: ;   {runtime_call _new_instance_Java}
  0x000001cb5305dcb4: c5f8 77e8 

  0x000001cb5305dcb8: ; ImmutableOopMap {[72]=Oop [80]=Oop [88]=Oop }
                      ;*new {reexecute=0 rethrow=0 return_oop=1}
                      ; - com.sun.tools.javac.code.Symtab::defineClass@0 (line 644)
                      ; - com.sun.tools.javac.code.Symtab::enterClass@50 (line 763)
  0x000001cb5305dcb8: 44d2 7dff | 4c8b d8e9 | 96e5 ffff | 4889 7c24 | 5044 895c | 2448 4889 | 7424 4089 | 5c24 2048 
  0x000001cb5305dcd8: ff74 2430 | 488f 4424 | 2841 8bea 

  0x000001cb5305dce4: ;   {metadata('java/util/HashMap$Node')}
  0x000001cb5305dce4: 48ba 28b1 | 1400 cb01 | 0000 48ff | 7424 3848 | 8f44 2430 

  0x000001cb5305dcf8: ;   {runtime_call _new_instance_Java}
  0x000001cb5305dcf8: c5f8 77e8 

  0x000001cb5305dcfc: ; ImmutableOopMap {rbp=NarrowOop [36]=NarrowOop [40]=Oop [48]=Oop [56]=Oop [64]=Oop [80]=Derived_oop_[64] }
                      ;*new {reexecute=0 rethrow=0 return_oop=1}
                      ; - java.util.HashMap::newNode@0 (line 1901)
                      ; - java.util.HashMap::putVal@56 (line 629)
                      ; - java.util.HashMap::put@9 (line 610)
                      ; - com.sun.tools.javac.code.Symtab::doEnterClass@23 (line 750)
                      ; - com.sun.tools.javac.code.Symtab::enterClass@62 (line 764)
  0x000001cb5305dcfc: 00d2 7dff | 448b d548 | ff74 2428 | 488f 4424 | 308b 5c24 | 2048 8b74 | 2440 448b | 5c24 4848 
  0x000001cb5305dd1c: 8b7c 2450 | 488b e8e9 | 75ed ffff | 448b 5c24 | 2441 81fb | ffff ff3f | 0f87 aa0b | 0000 448b 
  0x000001cb5305dd3c: 4424 2441 | d1e0 4181 | f800 0010 | 000f 87b9 | 0b00 004d | 63d0 4181 | f800 0010 | 000f 8739 
  0x000001cb5305dd5c: 0a00 0049 | 8b9f 0801 | 0000 4983 | c217 4983 | e2f8 4c8b | db4d 03da | 4d3b 9f18 | 0100 000f 
  0x000001cb5305dd7c: 8317 0a00 | 004d 899f | 0801 0000 | 410f 0d8b | c000 0000 | 48c7 0301 | 0000 0041 | 0f0d 8b00 
  0x000001cb5305dd9c: ;   {metadata({type array byte})}
  0x000001cb5305dd9c: 0100 00c7 | 4308 3867 | 0000 4489 | 430c 410f | 0d8b 4001 | 0000 410f | 0d8b 8001 | 0000 488b 
  0x000001cb5305ddbc: d348 83c2 | 1048 8b4c | 2478 4c8b | c5c5 f877 | 49ba 203b | 7752 cb01 | 0000 41ff | d24c 8bdb 
  0x000001cb5305dddc: 49c1 eb03 | b901 0000 | 00e9 79e3 | ffff 4c89 | 5c24 4089 | 7424 3c44 | 894c 2438 | 4889 4424 
  0x000001cb5305ddfc: f88b 4424 | 2089 4424 | 2848 8b44 | 24f8 48ff | 7424 5048 | 8f44 2420 

  0x000001cb5305de14: ;   {metadata({type array char})}
  0x000001cb5305de14: 48ba 6861 | 0000 cb01 | 0000 448b | 4424 6090 

  0x000001cb5305de24: ;   {runtime_call _new_array_Java}
  0x000001cb5305de24: c5f8 77e8 

  0x000001cb5305de28: ; ImmutableOopMap {[32]=Oop [60]=NarrowOop [72]=Oop [88]=Oop }
                      ;*newarray {reexecute=0 rethrow=0 return_oop=1}
                      ; - com.sun.tools.javac.util.Convert::utf2string@1 (line 161)
                      ; - com.sun.tools.javac.util.Name::toString@12 (line 159)
                      ; - com.sun.tools.javac.util.Name::length@1 (line 66)
                      ; - com.sun.tools.javac.util.Convert::shortName@20 (line 313)
                      ; - com.sun.tools.javac.code.Symtab::enterClass@46 (line 763)
  0x000001cb5305de28: d429 7eff | 48ff 7424 | 2048 8f44 | 2450 4889 | 4424 f88b | 4424 2889 | 4424 2048 | 8b44 24f8 
  0x000001cb5305de48: 448b 4c24 | 388b 7424 | 3c4c 8b5c | 2440 4c8b | d0e9 67df 

  0x000001cb5305de5c: ;   {metadata({type array byte})}
  0x000001cb5305de5c: ffff 48ba | 3867 0000 | cb01 0000 | 448b 4424 | 244c 8954 | 2470 4c89 | 9424 8800 | 0000 6690 
  0x000001cb5305de7c: ;   {runtime_call _new_array_nozero_Java}
  0x000001cb5305de7c: c5f8 77e8 

  0x000001cb5305de80: ; ImmutableOopMap {[72]=Oop [80]=Oop [88]=Oop [112]=Oop [120]=Derived_oop_[112] [136]=Oop }
                      ;*newarray {reexecute=0 rethrow=0 return_oop=1}
                      ; - java.lang.StringUTF16::compress@1 (line 161)
                      ; - java.lang.String::<init>@36 (line 4503)
                      ; - java.lang.String::<init>@10 (line 300)
                      ; - com.sun.tools.javac.util.Convert::utf2string@22 (line 163)
                      ; - com.sun.tools.javac.util.Name::toString@12 (line 159)
                      ; - com.sun.tools.javac.util.Name::length@1 (line 66)
                      ; - com.sun.tools.javac.util.Convert::shortName@20 (line 313)
                      ; - com.sun.tools.javac.code.Symtab::enterClass@46 (line 763)
  0x000001cb5305de80: 7c2c 7eff | 4c8b d84c | 8b54 2470 | e9e0 e1ff | ff41 83e2 | 0f41 8bc1 | 83c0 0244 | 8bf0 41c1 
  0x000001cb5305dea0: e20c 3bc7 | 0f83 660a | 0000 460f | b644 1a12 | 420f b66c | 1a11 418b | d983 c303 | 83e5 3f41 
  0x000001cb5305dec0: 83e0 3fc1 | e506 410b | ea41 0be8 | e95d dfff | ff41 83e2 | 0f44 8bcb | 4183 c102 | 458b f141 
  0x000001cb5305dee0: c1e2 0c44 | 3bcf 0f83 | 9809 0000 | 4c63 db42 | 0fb6 6c1a | 1146 0fb6 | 5c1a 1244 | 8bc3 4183 
  0x000001cb5305df00: c003 4183 | e33f 83e5 | 3fc1 e506 | 410b ea41 | 0beb e975 | dfff ff48 | 897c 2450 | 4889 7424 
  0x000001cb5305df20: 4889 5c24 | 4044 8954 | 2420 4c89 | 7424 2841 

  0x000001cb5305df30: ;   {metadata('java/util/HashMap$Node')}
  0x000001cb5305df30: 8bed 48ba | 28b1 1400 | cb01 0000 

  0x000001cb5305df3c: ;   {runtime_call _new_instance_Java}
  0x000001cb5305df3c: c5f8 77e8 

  0x000001cb5305df40: ; ImmutableOopMap {[32]=NarrowOop [36]=NarrowOop [48]=Oop [56]=Oop [72]=Oop [80]=Oop }
                      ;*new {reexecute=0 rethrow=0 return_oop=1}
                      ; - java.util.HashMap::newNode@0 (line 1901)
                      ; - java.util.HashMap::putVal@152 (line 640)
                      ; - java.util.HashMap::put@9 (line 610)
                      ; - com.sun.tools.javac.code.Symtab::doEnterClass@23 (line 750)
                      ; - com.sun.tools.javac.code.Symtab::enterClass@62 (line 764)
  0x000001cb5305df40: bccf 7dff | 448b ed4c | 8b74 2428 | 448b 5424 | 208b 5c24 | 4048 8b74 | 2448 488b | 7c24 5048 
  0x000001cb5305df60: 8be8 e96d | eaff ff44 | 8b5f 1445 | 85db 0f84 | 42f2 ffff | 4d8b 5720 | 498b cb48 | c1e1 034d 
  0x000001cb5305df80: 85d2 0f84 | 9708 0000 | 4d8b 5f30 | 4b89 4c13 | f849 83c2 | f84d 8957 | 20e9 18f2 | ffff 448b 
  0x000001cb5305dfa0: d341 8bd8 | 458b c245 | 33d2 458b | ea45 8bdd | 458b c844 | 8bc3 418b | d941 ffc3 | bae4 ffff 
  0x000001cb5305dfc0: ffc5 fb11 | 6424 2044 | 8944 2428 | 4489 5c24 | 2c89 4c24 | 3089 5c24 | 3448 ff74 | 2458 488f 
  0x000001cb5305dfe0: 4424 4048 | 8944 24f8 | 8b44 2460 | 8944 2458 | 488b 4424 | f889 7424 | 6066 6690 

  0x000001cb5305dffc: ;   {runtime_call UncommonTrapBlob}
  0x000001cb5305dffc: c5f8 77e8 

  0x000001cb5305e000: ; ImmutableOopMap {[32]=Oop [64]=Oop [72]=Oop [80]=Oop [96]=NarrowOop }
                      ;*baload {reexecute=0 rethrow=0 return_oop=0}
                      ; - com.sun.tools.javac.util.Convert::utf2chars@25 (line 120)
                      ; - com.sun.tools.javac.util.Convert::utf2string@9 (line 162)
                      ; - com.sun.tools.javac.util.Name::toString@12 (line 159)
                      ; - com.sun.tools.javac.util.Name::length@1 (line 66)
                      ; - com.sun.tools.javac.util.Convert::shortName@20 (line 313)
                      ; - com.sun.tools.javac.code.Symtab::enterClass@46 (line 763)
  0x000001cb5305e000: fc42 73ff | 4d8b 8f50 | 0300 0045 | 8bf5 41ff 

  0x000001cb5305e010: ; ImmutableOopMap {rdx=Oop rsi=NarrowOop xmm4=Oop [72]=Oop [80]=Oop [88]=Oop [120]=Derived_oop_xmm4 }
                      ;*goto {reexecute=1 rethrow=0 return_oop=0}
                      ; - (reexecute) com.sun.tools.javac.util.Convert::utf2chars@129 (line 130)
                      ; - com.sun.tools.javac.util.Convert::utf2string@9 (line 162)
                      ; - com.sun.tools.javac.util.Name::toString@12 (line 159)
                      ; - com.sun.tools.javac.util.Name::length@1 (line 66)
                      ; - com.sun.tools.javac.util.Convert::shortName@20 (line 313)
                      ; - com.sun.tools.javac.code.Symtab::enterClass@46 (line 763)
  0x000001cb5305e010: c645 8bd0 

  0x000001cb5305e014: ;   {poll}
  0x000001cb5305e014: 4185 0144 | 3b9c 2480 | 0000 000f | 8d9a 0500 | 0044 8bc3 | 458b ebe9 | 79de ffff | ba76 ffff 
  0x000001cb5305e034: ff44 894c | 2420 897c | 2428 48ff | 7424 4848 | 8f44 2430 

  0x000001cb5305e048: ;   {runtime_call UncommonTrapBlob}
  0x000001cb5305e048: c5f8 77e8 

  0x000001cb5305e04c: ; ImmutableOopMap {rbp=NarrowOop [48]=Oop [80]=Oop [88]=Oop }
                      ;*iflt {reexecute=1 rethrow=0 return_oop=0}
                      ; - (reexecute) com.sun.tools.javac.util.Name::lastIndexOf@20 (line 123)
                      ; - com.sun.tools.javac.util.Convert::packagePart@5 (line 332)
                      ; - com.sun.tools.javac.code.Symtab::enterClass@8 (line 758)
  0x000001cb5305e04c: b042 73ff | bade ffff | ff44 8954 | 2438 6690 

  0x000001cb5305e05c: ;   {runtime_call UncommonTrapBlob}
  0x000001cb5305e05c: c5f8 77e8 

  0x000001cb5305e060: ; ImmutableOopMap {rbp=NarrowOop [56]=NarrowOop [72]=Oop [80]=Oop [88]=Oop }
                      ;*invokeinterface getOrDefault {reexecute=0 rethrow=0 return_oop=0}
                      ; - com.sun.tools.javac.code.Symtab::getClass@24 (line 672)
                      ; - com.sun.tools.javac.code.Symtab::enterClass@34 (line 761)
  0x000001cb5305e060: 9c42 73ff | ba6e ffff | ff44 894c | 2420 897c | 2428 48ff | 7424 4848 | 8f44 2430 

  0x000001cb5305e07c: ;   {runtime_call UncommonTrapBlob}
  0x000001cb5305e07c: c5f8 77e8 

  0x000001cb5305e080: ; ImmutableOopMap {rbp=NarrowOop [48]=Oop [80]=Oop [88]=Oop }
                      ;*iflt {reexecute=1 rethrow=0 return_oop=0}
                      ; - (reexecute) com.sun.tools.javac.util.Name::lastIndexOf@20 (line 123)
                      ; - com.sun.tools.javac.util.Convert::packagePart@5 (line 332)
                      ; - com.sun.tools.javac.code.Symtab::enterClass@8 (line 758)
  0x000001cb5305e080: 7c42 73ff | baf6 ffff | ff66 6690 

  0x000001cb5305e08c: ;   {runtime_call UncommonTrapBlob}
  0x000001cb5305e08c: c5f8 77e8 

  0x000001cb5305e090: ; ImmutableOopMap {}
                      ;*getfield empty {reexecute=1 rethrow=0 return_oop=0}
                      ; - (reexecute) com.sun.tools.javac.code.Symbol$TypeSymbol::formFullName@71 (line 810)
                      ; - com.sun.tools.javac.code.Symbol$ClassSymbol::<init>@34 (line 1307)
                      ; - com.sun.tools.javac.code.Symbol$ClassSymbol::<init>@17 (line 1316)
                      ; - com.sun.tools.javac.code.Symtab::defineClass@7 (line 644)
                      ; - com.sun.tools.javac.code.Symtab::enterClass@50 (line 763)
  0x000001cb5305e090: 6c42 73ff | baf6 ffff | ff66 6690 

  0x000001cb5305e09c: ;   {runtime_call UncommonTrapBlob}
  0x000001cb5305e09c: c5f8 77e8 

  0x000001cb5305e0a0: ; ImmutableOopMap {}
                      ;*getfield empty {reexecute=1 rethrow=0 return_oop=0}
                      ; - (reexecute) com.sun.tools.javac.code.Symbol$TypeSymbol::formFlatName@77 (line 824)
                      ; - com.sun.tools.javac.code.Symbol$ClassSymbol::<init>@44 (line 1308)
                      ; - com.sun.tools.javac.code.Symbol$ClassSymbol::<init>@17 (line 1316)
                      ; - com.sun.tools.javac.code.Symtab::defineClass@7 (line 644)
                      ; - com.sun.tools.javac.code.Symtab::enterClass@50 (line 763)
  0x000001cb5305e0a0: 5c42 73ff | baf6 ffff | ff49 8bea 

  0x000001cb5305e0ac: ;   {runtime_call UncommonTrapBlob}
  0x000001cb5305e0ac: c5f8 77e8 

  0x000001cb5305e0b0: ; ImmutableOopMap {rbp=Oop }
                      ;*putfield tsym {reexecute=1 rethrow=0 return_oop=0}
                      ; - (reexecute) com.sun.tools.javac.code.Symbol$ClassSymbol::<init>@25 (line 1321)
                      ; - com.sun.tools.javac.code.Symtab::defineClass@7 (line 644)
                      ; - com.sun.tools.javac.code.Symtab::enterClass@50 (line 763)
  0x000001cb5305e0b0: 4c42 73ff | ba76 ffff | ff89 7424 | 3844 894c | 243c 894c | 2444 6690 

  0x000001cb5305e0c8: ;   {runtime_call UncommonTrapBlob}
  0x000001cb5305e0c8: c5f8 77e8 

  0x000001cb5305e0cc: ; ImmutableOopMap {[56]=NarrowOop [72]=Oop [80]=Oop [88]=Oop }
                      ;*iflt {reexecute=1 rethrow=0 return_oop=0}
                      ; - (reexecute) com.sun.tools.javac.util.Name::lastIndexOf@20 (line 123)
                      ; - com.sun.tools.javac.util.Convert::shortName@3 (line 311)
                      ; - com.sun.tools.javac.code.Symtab::enterClass@46 (line 763)
  0x000001cb5305e0cc: 3042 73ff | bade ffff | ff48 8b6c | 2438 894c | 2420 4489 | 5c24 2444 | 8944 2430 

  0x000001cb5305e0e8: ;   {runtime_call UncommonTrapBlob}
  0x000001cb5305e0e8: c5f8 77e8 

  0x000001cb5305e0ec: ; ImmutableOopMap {rbp=Oop [32]=NarrowOop [36]=NarrowOop [48]=NarrowOop }
                      ;*invokeinterface computeIfAbsent {reexecute=0 rethrow=0 return_oop=0}
                      ; - com.sun.tools.javac.code.Symtab::doEnterClass@13 (line 750)
                      ; - com.sun.tools.javac.code.Symtab::enterClass@62 (line 764)
  0x000001cb5305e0ec: 1042 73ff | bae4 ffff | ff4c 8b44 | 2438 48ff | 7424 3048 | 8f44 2420 | 895c 2428 | 4489 5424 
  0x000001cb5305e10c: 2c4c 8944 | 2430 4889 | 7424 4844 | 895c 2444 

  0x000001cb5305e11c: ;   {runtime_call UncommonTrapBlob}
  0x000001cb5305e11c: c5f8 77e8 

  0x000001cb5305e120: ; ImmutableOopMap {[32]=Oop [44]=NarrowOop [48]=Oop [72]=Oop }
                      ;*aaload {reexecute=0 rethrow=0 return_oop=0}
                      ; - java.util.HashMap::putVal@40 (line 628)
                      ; - java.util.HashMap::put@9 (line 610)
                      ; - com.sun.tools.javac.code.Symtab::doEnterClass@23 (line 750)
                      ; - com.sun.tools.javac.code.Symtab::enterClass@62 (line 764)
  0x000001cb5305e120: dc41 73ff | ba6e ffff | ff89 7424 | 3844 894c | 243c 894c | 2444 6690 

  0x000001cb5305e138: ;   {runtime_call UncommonTrapBlob}
  0x000001cb5305e138: c5f8 77e8 

  0x000001cb5305e13c: ; ImmutableOopMap {[56]=NarrowOop [72]=Oop [80]=Oop [88]=Oop }
                      ;*iflt {reexecute=1 rethrow=0 return_oop=0}
                      ; - (reexecute) com.sun.tools.javac.util.Name::lastIndexOf@20 (line 123)
                      ; - com.sun.tools.javac.util.Convert::shortName@3 (line 311)
                      ; - com.sun.tools.javac.code.Symtab::enterClass@46 (line 763)
  0x000001cb5305e13c: c041 73ff | bad6 ffff | ff4c 8b54 | 2438 4c89 | 5424 2048 | ff74 2430 | 488f 4424 | 2848 8974 
  0x000001cb5305e15c: 2430 4489 | 5c24 3890 

  0x000001cb5305e164: ;   {runtime_call UncommonTrapBlob}
  0x000001cb5305e164: c5f8 77e8 

  0x000001cb5305e168: ; ImmutableOopMap {rbp=Oop [32]=Oop [40]=Oop [48]=Oop }
                      ;*aastore {reexecute=1 rethrow=0 return_oop=0}
                      ; - (reexecute) java.util.HashMap::putVal@59 (line 629)
                      ; - java.util.HashMap::put@9 (line 610)
                      ; - com.sun.tools.javac.code.Symtab::doEnterClass@23 (line 750)
                      ; - com.sun.tools.javac.code.Symtab::enterClass@62 (line 764)
  0x000001cb5305e168: 9441 73ff | ba45 ffff | ff48 8b6c | 2448 4489 | 5424 3044 | 894c 2434 | 4489 4424 | 4466 6690 
  0x000001cb5305e188: ;   {runtime_call UncommonTrapBlob}
  0x000001cb5305e188: c5f8 77e8 

  0x000001cb5305e18c: ; ImmutableOopMap {rbp=Oop [48]=NarrowOop [52]=NarrowOop [80]=Oop [88]=Oop }
                      ;*ifle {reexecute=1 rethrow=0 return_oop=0}
                      ; - (reexecute) java.util.HashMap::getNode@14 (line 567)
                      ; - java.util.HashMap::getOrDefault@2 (line 1139)
                      ; - com.sun.tools.javac.code.Symtab::getClass@24 (line 672)
                      ; - com.sun.tools.javac.code.Symtab::enterClass@34 (line 761)
  0x000001cb5305e18c: 7041 73ff | ba45 ffff | ff48 8b6c | 2448 4c89 | 4c24 284c | 8944 2430 | 4c89 4424 | 3866 6690 
  0x000001cb5305e1ac: ;   {runtime_call UncommonTrapBlob}
  0x000001cb5305e1ac: c5f8 77e8 

  0x000001cb5305e1b0: ; ImmutableOopMap {rbp=Oop [40]=Oop [48]=Oop [56]=Oop }
                      ;*ifnonnull {reexecute=1 rethrow=0 return_oop=0}
                      ; - (reexecute) com.sun.tools.javac.util.Assert::checkNonNull@1 (line 61)
                      ; - com.sun.tools.javac.code.Symtab::enterClass@1 (line 757)
  0x000001cb5305e1b0: 4c41 73ff | ba45 ffff | ff44 8954 | 2434 6690 

  0x000001cb5305e1c0: ;   {runtime_call UncommonTrapBlob}
  0x000001cb5305e1c0: c5f8 77e8 

  0x000001cb5305e1c4: ; ImmutableOopMap {rbp=Oop [52]=NarrowOop [80]=Oop [88]=Oop }
                      ;*ifnonnull {reexecute=1 rethrow=0 return_oop=0}
                      ; - (reexecute) com.sun.tools.javac.util.Assert::checkNonNull@1 (line 61)
                      ; - com.sun.tools.javac.code.Symtab::enterClass@24 (line 760)
  0x000001cb5305e1c4: 3841 73ff | 4585 d240 | 0f95 c540 | 0fb6 edba | 45ff ffff | 48ff 7424 | 4848 8f44 | 2430 4c89 
  0x000001cb5305e1e4: 6c24 6890 

  0x000001cb5305e1e8: ;   {runtime_call UncommonTrapBlob}
  0x000001cb5305e1e8: c5f8 77e8 

  0x000001cb5305e1ec: ; ImmutableOopMap {[48]=Oop [56]=Oop [88]=Oop [104]=Oop }
                      ;*ifne {reexecute=1 rethrow=0 return_oop=0}
                      ; - (reexecute) com.sun.tools.javac.code.Symbol$TypeSymbol::formFullName@26 (line 806)
                      ; - com.sun.tools.javac.code.Symbol$ClassSymbol::<init>@34 (line 1307)
                      ; - com.sun.tools.javac.code.Symbol$ClassSymbol::<init>@17 (line 1316)
                      ; - com.sun.tools.javac.code.Symtab::defineClass@7 (line 644)
                      ; - com.sun.tools.javac.code.Symtab::enterClass@50 (line 763)
  0x000001cb5305e1ec: 1041 73ff | 498b d7c5 | f877 49ba | e0fb 5dd6 | fc7f 0000 | 41ff d2e9 | cce2 ffff | 498b d7c5 
  0x000001cb5305e20c: f877 49ba | e0fb 5dd6 | fc7f 0000 | 41ff d2e9 | 6ee2 ffff | 498b d7c5 | f877 49ba | e0fb 5dd6 
  0x000001cb5305e22c: fc7f 0000 | 41ff d2e9 | 4be2 ffff | 498b d7c5 | f877 49ba | e0fb 5dd6 | fc7f 0000 | 41ff d2e9 
  0x000001cb5305e24c: d1e2 ffff | 498b d7c5 | f877 49ba | e0fb 5dd6 | fc7f 0000 | 41ff d2e9 | 91e1 ffff | 498b d7c5 
  0x000001cb5305e26c: f877 49ba | e0fb 5dd6 | fc7f 0000 | 41ff d2e9 | bde1 ffff | 4c89 4424 | 404c 896c | 2430 498b 
  0x000001cb5305e28c: d7c5 f877 | 49ba e0fb | 5dd6 fc7f | 0000 41ff | d24c 8b6c | 2430 4c8b | 4424 40e9 | 07e1 ffff 
  0x000001cb5305e2ac: 4c89 4424 | 404c 896c | 2430 498b | d7c5 f877 | 49ba e0fb | 5dd6 fc7f | 0000 41ff | d24c 8b6c 
  0x000001cb5305e2cc: 2430 4c8b | 4424 40e9 | 6fe0 ffff | 4c89 4424 | 404c 896c | 2430 498b | d7c5 f877 | 49ba e0fb 
  0x000001cb5305e2ec: 5dd6 fc7f | 0000 41ff | d24c 8b6c | 2430 4c8b | 4424 40e9 | 38e0 ffff | 4c89 4424 | 404c 896c 
  0x000001cb5305e30c: 2430 498b | d7c5 f877 | 49ba e0fb | 5dd6 fc7f | 0000 41ff | d24c 8b6c | 2430 4c8b | 4424 40e9 
  0x000001cb5305e32c: 22e0 ffff | 4c89 4424 | 404c 896c | 2430 498b | d7c5 f877 | 49ba e0fb | 5dd6 fc7f | 0000 41ff 
  0x000001cb5305e34c: d24c 8b6c | 2430 4c8b | 4424 40e9 | 01e0 ffff | 4c89 4424 | 404c 896c | 2430 498b | d7c5 f877 
  0x000001cb5305e36c: 49ba e0fb | 5dd6 fc7f | 0000 41ff | d24c 8b6c | 2430 4c8b | 4424 40e9 | a9df ffff | 4585 c040 
  0x000001cb5305e38c: 0f95 c540 | 0fb6 edba | 45ff ffff | 48ff 7424 | 4848 8f44 | 2430 4c89 | 6c24 6090 

  0x000001cb5305e3a8: ;   {runtime_call UncommonTrapBlob}
  0x000001cb5305e3a8: c5f8 77e8 

  0x000001cb5305e3ac: ; ImmutableOopMap {[48]=Oop [56]=Oop [88]=Oop [96]=Oop }
                      ;*ifne {reexecute=1 rethrow=0 return_oop=0}
                      ; - (reexecute) com.sun.tools.javac.code.Symbol$TypeSymbol::formFlatName@14 (line 819)
                      ; - com.sun.tools.javac.code.Symbol$ClassSymbol::<init>@44 (line 1308)
                      ; - com.sun.tools.javac.code.Symbol$ClassSymbol::<init>@17 (line 1316)
                      ; - com.sun.tools.javac.code.Symtab::defineClass@7 (line 644)
                      ; - com.sun.tools.javac.code.Symtab::enterClass@50 (line 763)
  0x000001cb5305e3ac: 503f 73ff | 498b d7c5 | f877 49ba | e0fb 5dd6 | fc7f 0000 | 41ff d2e9 | 13e2 ffff | 498b d7c5 
  0x000001cb5305e3cc: f877 49ba | e0fb 5dd6 | fc7f 0000 | 41ff d2e9 | 89e3 ffff | 498b d7c5 | f877 49ba | e0fb 5dd6 
  0x000001cb5305e3ec: fc7f 0000 | 41ff d2e9 | 0de3 ffff | 498b d7c5 | f877 49ba | e0fb 5dd6 | fc7f 0000 | 41ff d2e9 
  0x000001cb5305e40c: 9ae2 ffff | 498b d7c5 | f877 49ba | e0fb 5dd6 | fc7f 0000 | 41ff d2e9 | f3e2 ffff | 498b d7c5 
  0x000001cb5305e42c: f877 49ba | e0fb 5dd6 | fc7f 0000 | 41ff d2e9 | d0e2 ffff | 498b d7c5 | f877 49ba | e0fb 5dd6 
  0x000001cb5305e44c: fc7f 0000 | 41ff d2e9 | bae3 ffff | 498b d7c5 | f877 49ba | e0fb 5dd6 | fc7f 0000 | 41ff d2e9 
  0x000001cb5305e46c: 57e3 ffff | ba45 ffff | ff48 ff74 | 2448 488f | 4424 304c | 896c 2468 

  0x000001cb5305e484: ;   {runtime_call UncommonTrapBlob}
  0x000001cb5305e484: c5f8 77e8 

  0x000001cb5305e488: ; ImmutableOopMap {rbp=NarrowOop [48]=Oop [56]=Oop [88]=Oop [104]=Oop }
                      ;*if_acmpeq {reexecute=1 rethrow=0 return_oop=0}
                      ; - (reexecute) com.sun.tools.javac.code.Symbol$TypeSymbol::formFullName@13 (line 805)
                      ; - com.sun.tools.javac.code.Symbol$ClassSymbol::<init>@34 (line 1307)
                      ; - com.sun.tools.javac.code.Symbol$ClassSymbol::<init>@17 (line 1316)
                      ; - com.sun.tools.javac.code.Symtab::defineClass@7 (line 644)
                      ; - com.sun.tools.javac.code.Symtab::enterClass@50 (line 763)
  0x000001cb5305e488: 743e 73ff | baf4 ffff | ff44 8954 | 2430 6690 

  0x000001cb5305e498: ;   {runtime_call UncommonTrapBlob}
  0x000001cb5305e498: c5f8 77e8 

  0x000001cb5305e49c: ; ImmutableOopMap {[48]=NarrowOop [72]=Oop [80]=Oop [88]=Oop }
                      ;*checkcast {reexecute=0 rethrow=0 return_oop=0}
                      ; - com.sun.tools.javac.code.Symtab::getClass@29 (line 672)
                      ; - com.sun.tools.javac.code.Symtab::enterClass@34 (line 761)
  0x000001cb5305e49c: 603e 73ff | 4863 4c24 | 60e9 40d8 | ffff bace | ffff ff4c | 8954 2428 | 48ff 7424 | 5848 8f44 
  0x000001cb5305e4bc: 2440 4889 | 4424 f88b | 4424 6089 | 4424 3448 | 8b44 24f8 | 4c89 5c24 | 6066 6690 

  0x000001cb5305e4d8: ;   {runtime_call UncommonTrapBlob}
  0x000001cb5305e4d8: c5f8 77e8 

  0x000001cb5305e4dc: ; ImmutableOopMap {[40]=Oop [64]=Oop [72]=Oop [80]=Oop [96]=Oop }
                      ;*invokestatic compress {reexecute=0 rethrow=0 return_oop=0}
                      ; - java.lang.StringUTF16::compress@9 (line 162)
                      ; - java.lang.String::<init>@36 (line 4503)
                      ; - java.lang.String::<init>@10 (line 300)
                      ; - com.sun.tools.javac.util.Convert::utf2string@22 (line 163)
                      ; - com.sun.tools.javac.util.Name::toString@12 (line 159)
                      ; - com.sun.tools.javac.util.Name::length@1 (line 66)
                      ; - com.sun.tools.javac.util.Convert::shortName@20 (line 313)
                      ; - com.sun.tools.javac.code.Symtab::enterClass@46 (line 763)
  0x000001cb5305e4dc: 203e 73ff | ba45 ffff | ff44 8954 | 2430 894c | 2434 4489 | 5c24 3c90 

  0x000001cb5305e4f4: ;   {runtime_call UncommonTrapBlob}
  0x000001cb5305e4f4: c5f8 77e8 

  0x000001cb5305e4f8: ; ImmutableOopMap {[48]=NarrowOop [52]=NarrowOop [72]=Oop [80]=Oop [88]=Oop }
                      ;*ifle {reexecute=1 rethrow=0 return_oop=0}
                      ; - (reexecute) java.util.HashMap::getNode@14 (line 567)
                      ; - java.util.HashMap::get@2 (line 556)
                      ; - com.sun.tools.javac.code.Symtab::getClass@33 (line 672)
                      ; - com.sun.tools.javac.code.Symtab::enterClass@34 (line 761)
  0x000001cb5305e4f8: 043e 73ff | ba45 ffff | ff48 8b6c | 2438 48ff | 7424 3048 | 8f44 2420 | 895c 2428 | 4489 5424 
  0x000001cb5305e518: 2c44 895c | 2438 4489 | 4c24 4090 

  0x000001cb5305e524: ;   {runtime_call UncommonTrapBlob}
  0x000001cb5305e524: c5f8 77e8 

  0x000001cb5305e528: ; ImmutableOopMap {rbp=Oop [32]=Oop [44]=NarrowOop [56]=NarrowOop }
                      ;*ifne {reexecute=1 rethrow=0 return_oop=0}
                      ; - (reexecute) java.util.HashMap::putVal@16 (line 626)
                      ; - java.util.HashMap::put@9 (line 610)
                      ; - com.sun.tools.javac.code.Symtab::doEnterClass@23 (line 750)
                      ; - com.sun.tools.javac.code.Symtab::enterClass@62 (line 764)
  0x000001cb5305e528: d43d 73ff | 448b c341 | 8bd9 4533 | dbe9 82fa | ffff 4533 | db45 8bcb | 41ff c1eb | 0f44 8bc3 
  0x000001cb5305e548: 4533 db41 | b901 0000 | 0041 8bd8 | 0fb7 edba | e4ff ffff | c5fb 1164 | 2428 895c | 2430 894c 
  0x000001cb5305e568: 2434 c5fb | 1164 2438 | 4489 5c24 | 4048 8944 | 24f8 8b44 | 2460 8944 | 2444 488b | 4424 f889 
  0x000001cb5305e588: 7424 6044 | 894c 2464 

  0x000001cb5305e590: ;   {runtime_call UncommonTrapBlob}
  0x000001cb5305e590: c5f8 77e8 

  0x000001cb5305e594: ; ImmutableOopMap {[40]=Oop [56]=Oop [72]=Oop [80]=Oop [88]=Oop [96]=NarrowOop }
                      ;*castore {reexecute=0 rethrow=0 return_oop=0}
                      ; - com.sun.tools.javac.util.Convert::utf2chars@128 (line 129)
                      ; - com.sun.tools.javac.util.Convert::utf2string@9 (line 162)
                      ; - com.sun.tools.javac.util.Name::toString@12 (line 159)
                      ; - com.sun.tools.javac.util.Name::length@1 (line 66)
                      ; - com.sun.tools.javac.util.Convert::shortName@20 (line 313)
                      ; - com.sun.tools.javac.code.Symtab::enterClass@46 (line 763)
  0x000001cb5305e594: 683d 73ff | 498b d7c5 | f877 49ba | e0fb 5dd6 | fc7f 0000 | 41ff d2e9 | 19e5 ffff | 418b d841 
  0x000001cb5305e5b4: bb01 0000 | 0045 33c0 | 458b e844 | 3b9c 2480 | 0000 000f | 8d4e 0300 | 00eb 5b41 | 83e2 0f8b 
  0x000001cb5305e5d4: c383 c002 | 448b f041 | c1e2 0c3b | c70f 83ac | 0200 004c | 63c3 420f | b66c 0211 | 460f b64c 
  0x000001cb5305e5f4: 0212 448b | c341 83c0 | 0341 83e1 | 3f83 e53f | c1e5 0641 | 0bea 410b | e966 6690 | 458b cb41 
  0x000001cb5305e614: ffc1 443b | 8c24 8000 | 0000 0f8d | fd02 0000 | 458b d941 | 8bd8 443b | 9c24 8000 | 0000 0f83 
  0x000001cb5305e634: 05ff ffff | c4c1 f97e | e266 4389 | 6c5a 103b | d97d 3944 | 8bc3 41ff | c03b df0f | 8364 f9ff 
  0x000001cb5305e654: ff44 0fbe | 541a 1041 | 8bea 400f | b6ed 81fd | e000 0000 | 0f8d 61ff | ffff 81fd | c000 0000 
  0x000001cb5305e674: 7c9a 4489 | 5c24 20e9 | 00d9 ffff | 458b ebe9 | 3fd9 ffff | ba45 ffff | ff48 8b6c | 2438 48ff 
  0x000001cb5305e694: 7424 3048 | 8f44 2420 | 895c 2428 | 4489 5424 | 2c48 8974 | 2438 4489 | 4424 4090 

  0x000001cb5305e6b0: ;   {runtime_call UncommonTrapBlob}
  0x000001cb5305e6b0: c5f8 77e8 

  0x000001cb5305e6b4: ; ImmutableOopMap {rbp=Oop [32]=Oop [44]=NarrowOop [56]=Oop [64]=NarrowOop }
                      ;*ifeq {reexecute=1 rethrow=0 return_oop=0}
                      ; - (reexecute) java.util.HashMap::putVal@109 (line 635)
                      ; - java.util.HashMap::put@9 (line 610)
                      ; - com.sun.tools.javac.code.Symtab::doEnterClass@23 (line 750)
                      ; - com.sun.tools.javac.code.Symtab::enterClass@62 (line 764)
  0x000001cb5305e6b4: 483c 73ff | ba45 ffff | ff49 8bea | 48ff 7424 | 4848 8f44 | 2438 48ff | 7424 5048 | 8f44 2440 
  0x000001cb5305e6d4: 4489 5c24 | 5066 6690 

  0x000001cb5305e6dc: ;   {runtime_call UncommonTrapBlob}
  0x000001cb5305e6dc: c5f8 77e8 

  0x000001cb5305e6e0: ; ImmutableOopMap {rbp=Oop [56]=Oop [64]=Oop [88]=Oop }
                      ;*if_icmple {reexecute=1 rethrow=0 return_oop=0}
                      ; - (reexecute) java.lang.String::checkBoundsOffCount@12 (line 4592)
                      ; - java.lang.String::rangeCheck@4 (line 304)
                      ; - java.lang.String::<init>@7 (line 300)
                      ; - com.sun.tools.javac.util.Convert::utf2string@22 (line 163)
                      ; - com.sun.tools.javac.util.Name::toString@12 (line 159)
                      ; - com.sun.tools.javac.util.Name::length@1 (line 66)
                      ; - com.sun.tools.javac.util.Convert::shortName@20 (line 313)
                      ; - com.sun.tools.javac.code.Symtab::enterClass@46 (line 763)
  0x000001cb5305e6e0: 1c3c 73ff | 4533 dbe9 | a2d8 ffff | 498b d7c5 | f877 49ba | e0fb 5dd6 | fc7f 0000 | 41ff d2e9 
  0x000001cb5305e700: ebe2 ffff | ba45 ffff | ff48 ff74 | 2448 488f | 4424 2044 | 8954 2438 | 4489 5c24 | 3c89 4c24 
  0x000001cb5305e720: 4866 6690 

  0x000001cb5305e724: ;   {runtime_call UncommonTrapBlob}
  0x000001cb5305e724: c5f8 77e8 

  0x000001cb5305e728: ; ImmutableOopMap {rbp=NarrowOop [32]=Oop [56]=NarrowOop [60]=NarrowOop [80]=Oop [88]=Oop }
                      ;*ifeq {reexecute=1 rethrow=0 return_oop=0}
                      ; - (reexecute) java.util.HashMap::getNode@85 (line 573)
                      ; - java.util.HashMap::getOrDefault@2 (line 1139)
                      ; - com.sun.tools.javac.code.Symtab::getClass@24 (line 672)
                      ; - com.sun.tools.javac.code.Symtab::enterClass@34 (line 761)
  0x000001cb5305e728: d43b 73ff | ba45 ffff | ff44 8954 | 2438 894c | 243c 895c | 2440 6690 

  0x000001cb5305e740: ;   {runtime_call UncommonTrapBlob}
  0x000001cb5305e740: c5f8 77e8 

  0x000001cb5305e744: ; ImmutableOopMap {rbp=NarrowOop [56]=NarrowOop [60]=NarrowOop [72]=Oop [80]=Oop [88]=Oop }
                      ;*ifeq {reexecute=1 rethrow=0 return_oop=0}
                      ; - (reexecute) java.util.HashMap::getNode@85 (line 573)
                      ; - java.util.HashMap::get@2 (line 556)
                      ; - com.sun.tools.javac.code.Symtab::getClass@33 (line 672)
                      ; - com.sun.tools.javac.code.Symtab::enterClass@34 (line 761)
  0x000001cb5305e744: b83b 73ff | ba66 ffff | ff48 ff74 | 2448 488f | 4424 304c | 896c 2460 

  0x000001cb5305e75c: ;   {runtime_call UncommonTrapBlob}
  0x000001cb5305e75c: c5f8 77e8 

  0x000001cb5305e760: ; ImmutableOopMap {rbp=NarrowOop [48]=Oop [56]=Oop [88]=Oop [96]=Oop }
                      ;*invokevirtual getTag {reexecute=0 rethrow=0 return_oop=0}
                      ; - com.sun.tools.javac.code.Type::hasTag@2 (line 147)
                      ; - com.sun.tools.javac.code.Symbol$TypeSymbol::formFlatName@34 (line 820)
                      ; - com.sun.tools.javac.code.Symbol$ClassSymbol::<init>@44 (line 1308)
                      ; - com.sun.tools.javac.code.Symbol$ClassSymbol::<init>@17 (line 1316)
                      ; - com.sun.tools.javac.code.Symtab::defineClass@7 (line 644)
                      ; - com.sun.tools.javac.code.Symtab::enterClass@50 (line 763)
  0x000001cb5305e760: 9c3b 73ff | ba45 ffff | ff48 ff74 | 2448 488f | 4424 2048 | 8944 2430 | 4489 5424 | 3844 895c 
  0x000001cb5305e780: 243c 894c | 2448 4c89 | 4424 5889 | 5c24 4c90 

  0x000001cb5305e790: ;   {runtime_call UncommonTrapBlob}
  0x000001cb5305e790: c5f8 77e8 

  0x000001cb5305e794: ; ImmutableOopMap {rbp=NarrowOop [32]=Oop [48]=Oop [56]=NarrowOop [60]=NarrowOop [76]=NarrowOop [80]=Oop [88]=Oop }
                      ;*if_acmpne {reexecute=1 rethrow=0 return_oop=0}
                      ; - (reexecute) com.sun.tools.javac.util.SharedNameTable$NameImpl::equals@20 (line 206)
                      ; - java.util.HashMap::getNode@63 (line 570)
                      ; - java.util.HashMap::getOrDefault@2 (line 1139)
                      ; - com.sun.tools.javac.code.Symtab::getClass@24 (line 672)
                      ; - com.sun.tools.javac.code.Symtab::enterClass@34 (line 761)
  0x000001cb5305e794: 683b 73ff | 4889 6c24 | 7048 8944 | 24f8 8b44 | 2420 8944 | 2438 488b | 4424 f848 | ff74 2450 
  0x000001cb5305e7b4: 488f 4424 | 3048 ff74 | 2448 488f 

  0x000001cb5305e7c0: ;   {metadata({type array byte})}
  0x000001cb5305e7c0: 4424 2848 | ba38 6700 | 00cb 0100 | 004c 894c | 2448 4889 | 4424 f88b | 4424 2489 | 4424 2048 
  0x000001cb5305e7e0: 8b44 24f8 

  0x000001cb5305e7e4: ;   {runtime_call _new_array_nozero_Java}
  0x000001cb5305e7e4: c5f8 77e8 

  0x000001cb5305e7e8: ; ImmutableOopMap {[40]=Oop [48]=Oop [72]=Oop [88]=Oop [120]=Derived_oop_[72] }
                      ;*invokestatic toBytes {reexecute=1 rethrow=0 return_oop=1}
                      ; - (reexecute) java.lang.String::<init>@67 (line 4511)
                      ; - java.lang.String::<init>@10 (line 300)
                      ; - com.sun.tools.javac.util.Convert::utf2string@22 (line 163)
                      ; - com.sun.tools.javac.util.Name::toString@12 (line 159)
                      ; - com.sun.tools.javac.util.Name::length@1 (line 66)
                      ; - com.sun.tools.javac.util.Convert::shortName@20 (line 313)
                      ; - com.sun.tools.javac.code.Symtab::enterClass@46 (line 763)
  0x000001cb5305e7e8: 1423 7eff | 48ff 7424 | 2848 8f44 | 2448 48ff | 7424 3048 | 8f44 2450 | 4889 4424 | f88b 4424 
  0x000001cb5305e808: 3889 4424 | 2048 8b44 | 24f8 488b | 6c24 7048 | 8bd8 e99b | f5ff ff49 | 8bd7 c5f8 | 7749 bae0 
  0x000001cb5305e828: fb5d d6fc | 7f00 0041 | ffd2 e97f | e9ff ffba | 45ff ffff | 895c 2424 | 4889 7424 | 4848 897c 
  0x000001cb5305e848: 2450 4489 | 5424 4490 

  0x000001cb5305e850: ;   {runtime_call UncommonTrapBlob}
  0x000001cb5305e850: c5f8 77e8 

  0x000001cb5305e854: ; ImmutableOopMap {rbp=NarrowOop [48]=Oop [56]=Oop [68]=NarrowOop [72]=Oop [80]=Oop }
                      ;*ifnull {reexecute=1 rethrow=0 return_oop=0}
                      ; - (reexecute) java.util.HashMap::putVal@197 (line 645)
                      ; - java.util.HashMap::put@9 (line 610)
                      ; - com.sun.tools.javac.code.Symtab::doEnterClass@23 (line 750)
                      ; - com.sun.tools.javac.code.Symtab::enterClass@62 (line 764)
  0x000001cb5305e854: a83a 73ff | ba45 ffff | ff48 ff74 | 2430 488f | 4424 2889 | 5c24 3048 | 8974 2440 | 4489 4424 
  0x000001cb5305e874: 4844 8954 | 244c 6690 

  0x000001cb5305e87c: ;   {runtime_call UncommonTrapBlob}
  0x000001cb5305e87c: c5f8 77e8 

  0x000001cb5305e880: ; ImmutableOopMap {rbp=NarrowOop [40]=Oop [56]=Oop [64]=Oop [72]=NarrowOop [76]=NarrowOop }
                      ;*ifnull {reexecute=1 rethrow=0 return_oop=0}
                      ; - (reexecute) java.util.HashMap::putVal@85 (line 632)
                      ; - java.util.HashMap::put@9 (line 610)
                      ; - com.sun.tools.javac.code.Symtab::doEnterClass@23 (line 750)
                      ; - com.sun.tools.javac.code.Symtab::enterClass@62 (line 764)
  0x000001cb5305e880: 7c3a 73ff | 418b d845 | 33db 458b | eb44 8bc3 | 458b dd41 | ffc3 bae4 | ffff ffc5 | fb11 6424 
  0x000001cb5305e8a0: 2044 895c | 2428 894c | 242c 4489 | 5424 3044 | 8944 2434 | 48ff 7424 | 5848 8f44 | 2440 4889 
  0x000001cb5305e8c0: 4424 f88b | 4424 6089 | 4424 5848 | 8b44 24f8 | 8974 2460 | 4489 7424 | 6466 6690 

  0x000001cb5305e8dc: ;   {runtime_call UncommonTrapBlob}
  0x000001cb5305e8dc: c5f8 77e8 

  0x000001cb5305e8e0: ; ImmutableOopMap {[32]=Oop [64]=Oop [72]=Oop [80]=Oop [96]=NarrowOop }
                      ;*baload {reexecute=0 rethrow=0 return_oop=0}
                      ; - com.sun.tools.javac.util.Convert::utf2chars@58 (line 123)
                      ; - com.sun.tools.javac.util.Convert::utf2string@9 (line 162)
                      ; - com.sun.tools.javac.util.Name::toString@12 (line 159)
                      ; - com.sun.tools.javac.util.Name::length@1 (line 66)
                      ; - com.sun.tools.javac.util.Convert::shortName@20 (line 313)
                      ; - com.sun.tools.javac.code.Symtab::enterClass@46 (line 763)
  0x000001cb5305e8e0: 1c3a 73ff | bace ffff | ff49 8bea | 4889 4424 | f88b 4424 | 2489 4424 | 2048 8b44 | 24f8 6690 
  0x000001cb5305e900: ;   {runtime_call UncommonTrapBlob}
  0x000001cb5305e900: c5f8 77e8 

  0x000001cb5305e904: ; ImmutableOopMap {rbp=Oop [72]=Oop [80]=Oop [88]=Oop }
                      ;*invokestatic toBytes {reexecute=1 rethrow=0 return_oop=0}
                      ; - (reexecute) java.lang.String::<init>@67 (line 4511)
                      ; - java.lang.String::<init>@10 (line 300)
                      ; - com.sun.tools.javac.util.Convert::utf2string@22 (line 163)
                      ; - com.sun.tools.javac.util.Name::toString@12 (line 159)
                      ; - com.sun.tools.javac.util.Name::length@1 (line 66)
                      ; - com.sun.tools.javac.util.Convert::shortName@20 (line 313)
                      ; - com.sun.tools.javac.code.Symtab::enterClass@46 (line 763)
  0x000001cb5305e904: f839 73ff | 4d63 d0e9 | 42f4 ffff | 448b c345 | 33db e97b | ffff ff45 | 8bdd 448b | c345 8bcb 
  0x000001cb5305e924: 4183 c102 | 41ff c3e9 | 21fc ffff | bade ffff | ff48 8944 | 24f8 8b44 | 2428 8944 | 2420 488b 
  0x000001cb5305e944: 4424 f848 | 8944 2430 

  0x000001cb5305e94c: ;   {runtime_call UncommonTrapBlob}
  0x000001cb5305e94c: c5f8 77e8 

  0x000001cb5305e950: ; ImmutableOopMap {rbp=Oop [32]=NarrowOop [48]=Oop }
                      ;*checkcast {reexecute=0 rethrow=0 return_oop=0}
                      ; - com.sun.tools.javac.code.Symtab::doEnterClass@18 (line 750)
                      ; - com.sun.tools.javac.code.Symtab::enterClass@62 (line 764)
  0x000001cb5305e950: ac39 73ff | bade ffff | ff48 8b6c | 2448 4489 | 5424 3048 | ff74 2450 | 488f 4424 | 3844 895c 
  0x000001cb5305e970: 2434 894c | 2440 48ff | 7424 5048 | 8f44 2448 | 4489 4c24 | 5066 6690 

  0x000001cb5305e988: ;   {runtime_call UncommonTrapBlob}
  0x000001cb5305e988: c5f8 77e8 

  0x000001cb5305e98c: ; ImmutableOopMap {rbp=Oop [48]=NarrowOop [52]=NarrowOop [56]=Oop [72]=Oop [80]=NarrowOop [88]=Oop }
                      ;*instanceof {reexecute=0 rethrow=0 return_oop=0}
                      ; - com.sun.tools.javac.util.SharedNameTable$NameImpl::equals@1 (line 208)
                      ; - java.util.HashMap::getNode@63 (line 570)
                      ; - java.util.HashMap::getOrDefault@2 (line 1139)
                      ; - com.sun.tools.javac.code.Symtab::getClass@24 (line 672)
                      ; - com.sun.tools.javac.code.Symtab::enterClass@34 (line 761)
  0x000001cb5305e98c: 7039 73ff | bade ffff | ff66 6690 

  0x000001cb5305e998: ;   {runtime_call UncommonTrapBlob}
  0x000001cb5305e998: c5f8 77e8 

  0x000001cb5305e99c: ; ImmutableOopMap {rbp=NarrowOop [72]=Oop [80]=Oop [88]=Oop }
                      ;*checkcast {reexecute=0 rethrow=0 return_oop=0}
                      ; - com.sun.tools.javac.code.Symtab::getClass@38 (line 672)
                      ; - com.sun.tools.javac.code.Symtab::enterClass@34 (line 761)
  0x000001cb5305e99c: 6039 73ff | baf6 ffff | ff66 6690 

  0x000001cb5305e9a8: ;   {runtime_call UncommonTrapBlob}
  0x000001cb5305e9a8: c5f8 77e8 

  0x000001cb5305e9ac: ; ImmutableOopMap {}
                      ;*invokevirtual lastIndexOf {reexecute=0 rethrow=0 return_oop=0}
                      ; - com.sun.tools.javac.util.Convert::packagePart@5 (line 332)
                      ; - com.sun.tools.javac.code.Symtab::enterClass@8 (line 758)
  0x000001cb5305e9ac: 5039 73ff | ba5e ffff | ff66 6690 

  0x000001cb5305e9b8: ;   {runtime_call UncommonTrapBlob}
  0x000001cb5305e9b8: c5f8 77e8 

  0x000001cb5305e9bc: ; ImmutableOopMap {}
                      ;*getfield bytes {reexecute=1 rethrow=0 return_oop=0}
                      ; - (reexecute) com.sun.tools.javac.util.SharedNameTable$NameImpl::getByteArray@7 (line 187)
                      ; - com.sun.tools.javac.util.Name::lastIndexOf@1 (line 120)
                      ; - com.sun.tools.javac.util.Convert::packagePart@5 (line 332)
                      ; - com.sun.tools.javac.code.Symtab::enterClass@8 (line 758)
  0x000001cb5305e9bc: 4039 73ff | baf6 ffff | ff66 6690 

  0x000001cb5305e9c8: ;   {runtime_call UncommonTrapBlob}
  0x000001cb5305e9c8: c5f8 77e8 

  0x000001cb5305e9cc: ; ImmutableOopMap {[80]=Oop }
                      ;*invokeinterface getOrDefault {reexecute=0 rethrow=0 return_oop=0}
                      ; - com.sun.tools.javac.code.Symtab::getClass@24 (line 672)
                      ; - com.sun.tools.javac.code.Symtab::enterClass@34 (line 761)
  0x000001cb5305e9cc: 3039 73ff | ba5e ffff | ff66 6690 

  0x000001cb5305e9d8: ;   {runtime_call UncommonTrapBlob}
  0x000001cb5305e9d8: c5f8 77e8 

  0x000001cb5305e9dc: ; ImmutableOopMap {}
                      ;*getfield bytes {reexecute=1 rethrow=0 return_oop=0}
                      ; - (reexecute) com.sun.tools.javac.util.SharedNameTable$NameImpl::getByteArray@7 (line 187)
                      ; - com.sun.tools.javac.util.Name::lastIndexOf@1 (line 120)
                      ; - com.sun.tools.javac.util.Convert::shortName@3 (line 311)
                      ; - com.sun.tools.javac.code.Symtab::enterClass@46 (line 763)
  0x000001cb5305e9dc: 2039 73ff | baf6 ffff | ff66 6690 

  0x000001cb5305e9e8: ;   {runtime_call UncommonTrapBlob}
  0x000001cb5305e9e8: c5f8 77e8 

  0x000001cb5305e9ec: ; ImmutableOopMap {}
                      ;*invokevirtual matches {reexecute=0 rethrow=0 return_oop=0}
                      ; - com.sun.tools.javac.code.Symbol$TypeSymbol::formFullName@23 (line 806)
                      ; - com.sun.tools.javac.code.Symbol$ClassSymbol::<init>@34 (line 1307)
                      ; - com.sun.tools.javac.code.Symbol$ClassSymbol::<init>@17 (line 1316)
                      ; - com.sun.tools.javac.code.Symtab::defineClass@7 (line 644)
                      ; - com.sun.tools.javac.code.Symtab::enterClass@50 (line 763)
  0x000001cb5305e9ec: 1039 73ff | baf6 ffff | ff66 6690 

  0x000001cb5305e9f8: ;   {runtime_call UncommonTrapBlob}
  0x000001cb5305e9f8: c5f8 77e8 

  0x000001cb5305e9fc: ; ImmutableOopMap {}
                      ;*invokevirtual contains {reexecute=0 rethrow=0 return_oop=0}
                      ; - com.sun.tools.javac.code.Kinds$Kind::matches@5 (line 129)
                      ; - com.sun.tools.javac.code.Symbol$TypeSymbol::formFullName@23 (line 806)
                      ; - com.sun.tools.javac.code.Symbol$ClassSymbol::<init>@34 (line 1307)
                      ; - com.sun.tools.javac.code.Symbol$ClassSymbol::<init>@17 (line 1316)
                      ; - com.sun.tools.javac.code.Symtab::defineClass@7 (line 644)
                      ; - com.sun.tools.javac.code.Symtab::enterClass@50 (line 763)
  0x000001cb5305e9fc: 0039 73ff | baf6 ffff | ff66 6690 

  0x000001cb5305ea08: ;   {runtime_call UncommonTrapBlob}
  0x000001cb5305ea08: c5f8 77e8 

  0x000001cb5305ea0c: ; ImmutableOopMap {}
                      ;*getfield names {reexecute=1 rethrow=0 return_oop=0}
                      ; - (reexecute) com.sun.tools.javac.code.Symbol$TypeSymbol::formFullName@68 (line 810)
                      ; - com.sun.tools.javac.code.Symbol$ClassSymbol::<init>@34 (line 1307)
                      ; - com.sun.tools.javac.code.Symbol$ClassSymbol::<init>@17 (line 1316)
                      ; - com.sun.tools.javac.code.Symtab::defineClass@7 (line 644)
                      ; - com.sun.tools.javac.code.Symtab::enterClass@50 (line 763)
  0x000001cb5305ea0c: f038 73ff | baf6 ffff | ff66 6690 

  0x000001cb5305ea18: ;   {runtime_call UncommonTrapBlob}
  0x000001cb5305ea18: c5f8 77e8 

  0x000001cb5305ea1c: ; ImmutableOopMap {}
                      ;*invokevirtual matches {reexecute=0 rethrow=0 return_oop=0}
                      ; - com.sun.tools.javac.code.Symbol$TypeSymbol::formFlatName@11 (line 819)
                      ; - com.sun.tools.javac.code.Symbol$ClassSymbol::<init>@44 (line 1308)
                      ; - com.sun.tools.javac.code.Symbol$ClassSymbol::<init>@17 (line 1316)
                      ; - com.sun.tools.javac.code.Symtab::defineClass@7 (line 644)
                      ; - com.sun.tools.javac.code.Symtab::enterClass@50 (line 763)
  0x000001cb5305ea1c: e038 73ff | baf6 ffff | ff66 6690 

  0x000001cb5305ea28: ;   {runtime_call UncommonTrapBlob}
  0x000001cb5305ea28: c5f8 77e8 

  0x000001cb5305ea2c: ; ImmutableOopMap {}
                      ;*invokevirtual contains {reexecute=0 rethrow=0 return_oop=0}
                      ; - com.sun.tools.javac.code.Kinds$Kind::matches@5 (line 129)
                      ; - com.sun.tools.javac.code.Symbol$TypeSymbol::formFlatName@11 (line 819)
                      ; - com.sun.tools.javac.code.Symbol$ClassSymbol::<init>@44 (line 1308)
                      ; - com.sun.tools.javac.code.Symbol$ClassSymbol::<init>@17 (line 1316)
                      ; - com.sun.tools.javac.code.Symtab::defineClass@7 (line 644)
                      ; - com.sun.tools.javac.code.Symtab::enterClass@50 (line 763)
  0x000001cb5305ea2c: d038 73ff | baf6 ffff | ff66 6690 

  0x000001cb5305ea38: ;   {runtime_call UncommonTrapBlob}
  0x000001cb5305ea38: c5f8 77e8 

  0x000001cb5305ea3c: ; ImmutableOopMap {}
                      ;*getfield names {reexecute=1 rethrow=0 return_oop=0}
                      ; - (reexecute) com.sun.tools.javac.code.Symbol$TypeSymbol::formFlatName@74 (line 824)
                      ; - com.sun.tools.javac.code.Symbol$ClassSymbol::<init>@44 (line 1308)
                      ; - com.sun.tools.javac.code.Symbol$ClassSymbol::<init>@17 (line 1316)
                      ; - com.sun.tools.javac.code.Symtab::defineClass@7 (line 644)
                      ; - com.sun.tools.javac.code.Symtab::enterClass@50 (line 763)
  0x000001cb5305ea3c: c038 73ff | baf6 ffff | ff41 8be8 

  0x000001cb5305ea48: ;   {runtime_call UncommonTrapBlob}
  0x000001cb5305ea48: c5f8 77e8 

  0x000001cb5305ea4c: ; ImmutableOopMap {rbp=NarrowOop }
                      ;*invokeinterface computeIfAbsent {reexecute=0 rethrow=0 return_oop=0}
                      ; - com.sun.tools.javac.code.Symtab::doEnterClass@13 (line 750)
                      ; - com.sun.tools.javac.code.Symtab::enterClass@62 (line 764)
  0x000001cb5305ea4c: b038 73ff | baf4 ffff | ff48 8944 | 24f8 8b44 | 2428 8944 | 2420 488b | 4424 f890 

  0x000001cb5305ea68: ;   {runtime_call UncommonTrapBlob}
  0x000001cb5305ea68: c5f8 77e8 

  0x000001cb5305ea6c: ; ImmutableOopMap {rbp=Oop [32]=NarrowOop }
                      ;*checkcast {reexecute=0 rethrow=0 return_oop=0}
                      ; - com.sun.tools.javac.code.Symtab::doEnterClass@18 (line 750)
                      ; - com.sun.tools.javac.code.Symtab::enterClass@62 (line 764)
  0x000001cb5305ea6c: 9038 73ff | ba45 ffff | ff48 8944 | 2430 4889 | 4424 3890 

  0x000001cb5305ea80: ;   {runtime_call UncommonTrapBlob}
  0x000001cb5305ea80: c5f8 77e8 

  0x000001cb5305ea84: ; ImmutableOopMap {rbp=Oop [48]=Oop [56]=Oop [80]=Oop }
                      ;*ifnonnull {reexecute=1 rethrow=0 return_oop=0}
                      ; - (reexecute) com.sun.tools.javac.util.Assert::checkNonNull@1 (line 61)
                      ; - com.sun.tools.javac.code.Symtab::enterClass@16 (line 759)
  0x000001cb5305ea84: 7838 73ff | ba45 ffff | ff48 ff74 | 2448 488f | 4424 304c | 896c 2468 

  0x000001cb5305ea9c: ;   {runtime_call UncommonTrapBlob}
  0x000001cb5305ea9c: c5f8 77e8 

  0x000001cb5305eaa0: ; ImmutableOopMap {rbp=NarrowOop [48]=Oop [56]=Oop [88]=Oop [104]=Oop }
                      ;*ifnull {reexecute=1 rethrow=0 return_oop=0}
                      ; - (reexecute) com.sun.tools.javac.code.Symbol$TypeSymbol::formFullName@60 (line 810)
                      ; - com.sun.tools.javac.code.Symbol$ClassSymbol::<init>@34 (line 1307)
                      ; - com.sun.tools.javac.code.Symbol$ClassSymbol::<init>@17 (line 1316)
                      ; - com.sun.tools.javac.code.Symtab::defineClass@7 (line 644)
                      ; - com.sun.tools.javac.code.Symtab::enterClass@50 (line 763)
  0x000001cb5305eaa0: 5c38 73ff | ba45 ffff | ff48 ff74 | 2458 488f | 4424 2848 | ff74 2448 | 488f 4424 | 304c 896c 
  0x000001cb5305eac0: 2458 4489 | 4424 6090 

  0x000001cb5305eac8: ;   {runtime_call UncommonTrapBlob}
  0x000001cb5305eac8: c5f8 77e8 

  0x000001cb5305eacc: ; ImmutableOopMap {rbp=NarrowOop [40]=Oop [48]=Oop [56]=Oop [88]=Oop }
                      ;*ifnull {reexecute=1 rethrow=0 return_oop=0}
                      ; - (reexecute) com.sun.tools.javac.code.Symbol$TypeSymbol::formFlatName@66 (line 824)
                      ; - com.sun.tools.javac.code.Symbol$ClassSymbol::<init>@44 (line 1308)
                      ; - com.sun.tools.javac.code.Symbol$ClassSymbol::<init>@17 (line 1316)
                      ; - com.sun.tools.javac.code.Symtab::defineClass@7 (line 644)
                      ; - com.sun.tools.javac.code.Symtab::enterClass@50 (line 763)
  0x000001cb5305eacc: 3038 73ff | ba76 ffff | ff4c 8954 | 2420 894c | 242c 48ff | 7424 5848 | 8f44 2438 | 48ff 7424 
  0x000001cb5305eaec: 4848 8f44 | 2440 48ff | 7424 5048 | 8f44 2448 | 8974 2454 | 4489 4c24 | 5c66 6690 

  0x000001cb5305eb08: ;   {runtime_call UncommonTrapBlob}
  0x000001cb5305eb08: c5f8 77e8 

  0x000001cb5305eb0c: ; ImmutableOopMap {[32]=Oop [56]=Oop [64]=Oop [72]=Oop [84]=NarrowOop }
                      ;*if_icmpge {reexecute=1 rethrow=0 return_oop=0}
                      ; - (reexecute) com.sun.tools.javac.util.Convert::utf2chars@16 (line 119)
                      ; - com.sun.tools.javac.util.Convert::utf2string@9 (line 162)
                      ; - com.sun.tools.javac.util.Name::toString@12 (line 159)
                      ; - com.sun.tools.javac.util.Name::length@1 (line 66)
                      ; - com.sun.tools.javac.util.Convert::shortName@20 (line 313)
                      ; - com.sun.tools.javac.code.Symtab::enterClass@46 (line 763)
  0x000001cb5305eb0c: f037 73ff | baf6 ffff | ff66 6690 

  0x000001cb5305eb18: ;   {runtime_call UncommonTrapBlob}
  0x000001cb5305eb18: c5f8 77e8 

  0x000001cb5305eb1c: ; ImmutableOopMap {}
                      ;*arraylength {reexecute=0 rethrow=0 return_oop=0}
                      ; - java.util.HashMap::putVal@26 (line 627)
                      ; - java.util.HashMap::put@9 (line 610)
                      ; - com.sun.tools.javac.code.Symtab::doEnterClass@23 (line 750)
                      ; - com.sun.tools.javac.code.Symtab::enterClass@62 (line 764)
  0x000001cb5305eb1c: e037 73ff | baf6 ffff | ff66 6690 

  0x000001cb5305eb28: ;   {runtime_call UncommonTrapBlob}
  0x000001cb5305eb28: c5f8 77e8 

  0x000001cb5305eb2c: ; ImmutableOopMap {}
                      ;*invokevirtual hasTag {reexecute=0 rethrow=0 return_oop=0}
                      ; - com.sun.tools.javac.code.Symbol$TypeSymbol::formFlatName@34 (line 820)
                      ; - com.sun.tools.javac.code.Symbol$ClassSymbol::<init>@44 (line 1308)
                      ; - com.sun.tools.javac.code.Symbol$ClassSymbol::<init>@17 (line 1316)
                      ; - com.sun.tools.javac.code.Symtab::defineClass@7 (line 644)
                      ; - com.sun.tools.javac.code.Symtab::enterClass@50 (line 763)
  0x000001cb5305eb2c: d037 73ff | baf6 ffff | ff66 6690 

  0x000001cb5305eb38: ;   {runtime_call UncommonTrapBlob}
  0x000001cb5305eb38: c5f8 77e8 

  0x000001cb5305eb3c: ; ImmutableOopMap {}
                      ;*invokevirtual hasTag {reexecute=0 rethrow=0 return_oop=0}
                      ; - com.sun.tools.javac.code.Symbol$TypeSymbol::formFullName@46 (line 807)
                      ; - com.sun.tools.javac.code.Symbol$ClassSymbol::<init>@34 (line 1307)
                      ; - com.sun.tools.javac.code.Symbol$ClassSymbol::<init>@17 (line 1316)
                      ; - com.sun.tools.javac.code.Symtab::defineClass@7 (line 644)
                      ; - com.sun.tools.javac.code.Symtab::enterClass@50 (line 763)
  0x000001cb5305eb3c: c037 73ff | baf4 ffff | ff48 8b6c | 2448 4489 | 5424 3044 | 895c 2434 | 894c 2440 

  0x000001cb5305eb58: ;   {runtime_call UncommonTrapBlob}
  0x000001cb5305eb58: c5f8 77e8 

  0x000001cb5305eb5c: ; ImmutableOopMap {rbp=Oop [48]=NarrowOop [52]=NarrowOop [80]=Oop [88]=Oop }
                      ;*instanceof {reexecute=0 rethrow=0 return_oop=0}
                      ; - com.sun.tools.javac.util.SharedNameTable$NameImpl::equals@1 (line 208)
                      ; - java.util.HashMap::getNode@63 (line 570)
                      ; - java.util.HashMap::getOrDefault@2 (line 1139)
                      ; - com.sun.tools.javac.code.Symtab::getClass@24 (line 672)
                      ; - com.sun.tools.javac.code.Symtab::enterClass@34 (line 761)
  0x000001cb5305eb5c: a037 73ff | eb06 eb2f | eb2d eb00 | 488b d0eb | 3348 8bd0 | eb2e 488b | d0eb 29eb | 1aeb 0048 
  0x000001cb5305eb7c: 8bd0 eb20 | eb11 eb0f | 488b d0eb | 1748 8bd0 | eb12 488b | d0eb 0d48 | 8bd0 eb08 | 488b d0eb 
  0x000001cb5305eb9c: 0348 8bd0 | c5f8 7748 | 81c4 a000 

  0x000001cb5305eba8: ;   {runtime_call _rethrow_Java}
  0x000001cb5305eba8: 0000 5de9 | 50ff 7dff 

  0x000001cb5305ebb0: ;   {internal_word}
  0x000001cb5305ebb0: 49ba 5ece | 0553 cb01 | 0000 4d89 | 9760 0300 

  0x000001cb5305ebc0: ;   {runtime_call SafepointBlob}
  0x000001cb5305ebc0: 00e9 3a48 | 73ff f4f4 | f4f4 f4f4 | f4f4 f4f4 | f4f4 f4f4 | f4f4 f4f4 | f4f4 f4f4 | f4f4 f4f4 
[Stub Code]
  0x000001cb5305ebe0: ;   {no_reloc}
  0x000001cb5305ebe0: 48bb 0000 | 0000 0000 

  0x000001cb5305ebe8: ;   {runtime_call}
  0x000001cb5305ebe8: 0000 e9fb 

  0x000001cb5305ebec: ;   {static_stub}
  0x000001cb5305ebec: ffff ff48 | bb00 0000 | 0000 0000 

  0x000001cb5305ebf8: ;   {runtime_call}
  0x000001cb5305ebf8: 00e9 fbff 

  0x000001cb5305ebfc: ;   {static_stub}
  0x000001cb5305ebfc: ffff 48bb | 0000 0000 | 0000 0000 

  0x000001cb5305ec08: ;   {runtime_call}
  0x000001cb5305ec08: e9fb ffff 

  0x000001cb5305ec0c: ;   {static_stub}
  0x000001cb5305ec0c: ff48 bb00 | 0000 0000 

  0x000001cb5305ec14: ;   {runtime_call}
  0x000001cb5305ec14: 0000 00e9 | fbff ffff 

  0x000001cb5305ec1c: ;   {static_stub}
  0x000001cb5305ec1c: 48bb 0000 | 0000 0000 

  0x000001cb5305ec24: ;   {runtime_call}
  0x000001cb5305ec24: 0000 e9fb 

  0x000001cb5305ec28: ;   {static_stub}
  0x000001cb5305ec28: ffff ff48 | bb00 0000 | 0000 0000 

  0x000001cb5305ec34: ;   {runtime_call}
  0x000001cb5305ec34: 00e9 fbff 

  0x000001cb5305ec38: ;   {static_stub}
  0x000001cb5305ec38: ffff 48bb | 0000 0000 | 0000 0000 

  0x000001cb5305ec44: ;   {runtime_call}
  0x000001cb5305ec44: e9fb ffff 

  0x000001cb5305ec48: ;   {static_stub}
  0x000001cb5305ec48: ff48 bb00 | 0000 0000 

  0x000001cb5305ec50: ;   {runtime_call}
  0x000001cb5305ec50: 0000 00e9 | fbff ffff 

  0x000001cb5305ec58: ;   {static_stub}
  0x000001cb5305ec58: 48bb 0000 | 0000 0000 

  0x000001cb5305ec60: ;   {runtime_call}
  0x000001cb5305ec60: 0000 e9fb 

  0x000001cb5305ec64: ;   {static_stub}
  0x000001cb5305ec64: ffff ff48 | bb00 0000 | 0000 0000 

  0x000001cb5305ec70: ;   {runtime_call}
  0x000001cb5305ec70: 00e9 fbff 

  0x000001cb5305ec74: ;   {static_stub}
  0x000001cb5305ec74: ffff 48bb | 0000 0000 | 0000 0000 

  0x000001cb5305ec80: ;   {runtime_call}
  0x000001cb5305ec80: e9fb ffff 

  0x000001cb5305ec84: ;   {runtime_call ExceptionBlob}
  0x000001cb5305ec84: ffe9 76a6 | 74ff e800 | 0000 0048 | 832c 2405 

  0x000001cb5305ec94: ;   {runtime_call DeoptimizationBlob}
  0x000001cb5305ec94: e907 3a73 | fff4 f4f4 | f4f4 f4f4 
[/MachCode]


---------------  P R O C E S S  ---------------

Threads class SMR info:
_java_thread_list=0x000001cb70afb790, length=15, elements={
0x000001cb43951ae0, 0x000001cb6b4effe0, 0x000001cb6b4f0ba0, 0x000001cb6b50d260,
0x000001cb6b50db30, 0x000001cb6b50e4f0, 0x000001cb6b50eeb0, 0x000001cb6b50fc50,
0x000001cb6b510700, 0x000001cb6b512110, 0x000001cb6b64bf10, 0x000001cb6b665410,
0x000001cb706212e0, 0x000001cb70686970, 0x000001cb709243e0
}

Java Threads: ( => current thread )
=>0x000001cb43951ae0 JavaThread "main" [_thread_in_Java, id=15752, stack(0x0000007b8a600000,0x0000007b8a700000)]
  0x000001cb6b4effe0 JavaThread "Reference Handler" daemon [_thread_blocked, id=15236, stack(0x0000007b8ad00000,0x0000007b8ae00000)]
  0x000001cb6b4f0ba0 JavaThread "Finalizer" daemon [_thread_blocked, id=17628, stack(0x0000007b8ae00000,0x0000007b8af00000)]
  0x000001cb6b50d260 JavaThread "Signal Dispatcher" daemon [_thread_blocked, id=9248, stack(0x0000007b8af00000,0x0000007b8b000000)]
  0x000001cb6b50db30 JavaThread "Attach Listener" daemon [_thread_blocked, id=3936, stack(0x0000007b8b000000,0x0000007b8b100000)]
  0x000001cb6b50e4f0 JavaThread "Service Thread" daemon [_thread_blocked, id=5064, stack(0x0000007b8b100000,0x0000007b8b200000)]
  0x000001cb6b50eeb0 JavaThread "Monitor Deflation Thread" daemon [_thread_blocked, id=13832, stack(0x0000007b8b200000,0x0000007b8b300000)]
  0x000001cb6b50fc50 JavaThread "C2 CompilerThread0" daemon [_thread_blocked, id=12012, stack(0x0000007b8b300000,0x0000007b8b400000)]
  0x000001cb6b510700 JavaThread "C1 CompilerThread0" daemon [_thread_blocked, id=17748, stack(0x0000007b8b400000,0x0000007b8b500000)]
  0x000001cb6b512110 JavaThread "Sweeper thread" daemon [_thread_blocked, id=13668, stack(0x0000007b8b500000,0x0000007b8b600000)]
  0x000001cb6b64bf10 JavaThread "Notification Thread" daemon [_thread_blocked, id=14620, stack(0x0000007b8b600000,0x0000007b8b700000)]
  0x000001cb6b665410 JavaThread "Common-Cleaner" daemon [_thread_blocked, id=6600, stack(0x0000007b8b800000,0x0000007b8b900000)]
  0x000001cb706212e0 JavaThread "C2 CompilerThread1" daemon [_thread_blocked, id=14216, stack(0x0000007b8b900000,0x0000007b8ba00000)]
  0x000001cb70686970 JavaThread "C2 CompilerThread2" daemon [_thread_blocked, id=10300, stack(0x0000007b8c200000,0x0000007b8c300000)]
  0x000001cb709243e0 JavaThread "Thread-1" daemon [_thread_blocked, id=13664, stack(0x0000007b8c300000,0x0000007b8c400000)]

Other Threads:
  0x000001cb6b4ebda0 VMThread "VM Thread" [stack: 0x0000007b8ac00000,0x0000007b8ad00000] [id=16552]
  0x000001cb439fb830 WatcherThread [stack: 0x0000007b8b700000,0x0000007b8b800000] [id=332]
  0x000001cb439db440 GCTaskThread "GC Thread#0" [stack: 0x0000007b8a700000,0x0000007b8a800000] [id=14052]
  0x000001cb6b67da20 GCTaskThread "GC Thread#1" [stack: 0x0000007b8ba00000,0x0000007b8bb00000] [id=17884]
  0x000001cb70a8b740 GCTaskThread "GC Thread#2" [stack: 0x0000007b8bb00000,0x0000007b8bc00000] [id=16112]
  0x000001cb70929dd0 GCTaskThread "GC Thread#3" [stack: 0x0000007b8bc00000,0x0000007b8bd00000] [id=8748]
  0x000001cb7092a090 GCTaskThread "GC Thread#4" [stack: 0x0000007b8bd00000,0x0000007b8be00000] [id=10108]
  0x000001cb7092a350 GCTaskThread "GC Thread#5" [stack: 0x0000007b8be00000,0x0000007b8bf00000] [id=6180]
  0x000001cb7068b840 GCTaskThread "GC Thread#6" [stack: 0x0000007b8bf00000,0x0000007b8c000000] [id=6368]
  0x000001cb7068bb00 GCTaskThread "GC Thread#7" [stack: 0x0000007b8c000000,0x0000007b8c100000] [id=11904]
  0x000001cb7068bdc0 GCTaskThread "GC Thread#8" [stack: 0x0000007b8c100000,0x0000007b8c200000] [id=18312]
  0x000001cb71079d30 GCTaskThread "GC Thread#9" [stack: 0x0000007b8c400000,0x0000007b8c500000] [id=15304]
  0x000001cb439e80a0 ConcurrentGCThread "G1 Main Marker" [stack: 0x0000007b8a800000,0x0000007b8a900000] [id=17256]
  0x000001cb439e8ab0 ConcurrentGCThread "G1 Conc#0" [stack: 0x0000007b8a900000,0x0000007b8aa00000] [id=11920]
  0x000001cb71e1fbe0 ConcurrentGCThread "G1 Conc#1" [stack: 0x0000007b8c500000,0x0000007b8c600000] [id=2056]
  0x000001cb71f51430 ConcurrentGCThread "G1 Conc#2" [stack: 0x0000007b8c600000,0x0000007b8c700000] [id=12040]
  0x000001cb6af6a5e0 ConcurrentGCThread "G1 Refine#0" [stack: 0x0000007b8aa00000,0x0000007b8ab00000] [id=14020]
  0x000001cb7080d500 ConcurrentGCThread "G1 Refine#1" [stack: 0x0000007b8c700000,0x0000007b8c800000] [id=396]
  0x000001cb702e95b0 ConcurrentGCThread "G1 Refine#2" [stack: 0x0000007b8c800000,0x0000007b8c900000] [id=16596]
  0x000001cb6b89cac0 ConcurrentGCThread "G1 Refine#3" [stack: 0x0000007b8c900000,0x0000007b8ca00000] [id=208]
  0x000001cb7254eb00 ConcurrentGCThread "G1 Refine#4" [stack: 0x0000007b8ca00000,0x0000007b8cb00000] [id=17080]
  0x000001cb70587c10 ConcurrentGCThread "G1 Refine#5" [stack: 0x0000007b8cb00000,0x0000007b8cc00000] [id=17356]
  0x000001cb713906d0 ConcurrentGCThread "G1 Refine#6" [stack: 0x0000007b8cc00000,0x0000007b8cd00000] [id=13548]
  0x000001cb705874a0 ConcurrentGCThread "G1 Refine#7" [stack: 0x0000007b8cd00000,0x0000007b8ce00000] [id=16920]
  0x000001cb712ae900 ConcurrentGCThread "G1 Refine#8" [stack: 0x0000007b8ce00000,0x0000007b8cf00000] [id=5160]
  0x000001cb6af6aeb0 ConcurrentGCThread "G1 Service" [stack: 0x0000007b8ab00000,0x0000007b8ac00000] [id=12452]

Threads with active compile tasks:

VM state: not at safepoint (normal execution)

VM Mutex/Monitor currently owned by a thread: None

Heap address: 0x0000000685c00000, size: 6052 MB, Compressed Oops mode: Zero based, Oop shift amount: 3

CDS archive(s) mapped at: [0x000001cb00000000-0x000001cb00bd0000-0x000001cb00bd0000), size 12386304, SharedBaseAddress: 0x000001cb00000000, ArchiveRelocationMode: 1.
Compressed class space mapped at: 0x000001cb01000000-0x000001cb41000000, reserved size: 1073741824
Narrow klass base: 0x000001cb00000000, Narrow klass shift: 0, Narrow klass range: 0x100000000

GC Precious Log:
 CPUs: 12 total, 12 available
 Memory: 24195M
 Large Page Support: Disabled
 NUMA Support: Disabled
 Compressed Oops: Enabled (Zero based)
 Heap Region Size: 4M
 Heap Min Capacity: 8M
 Heap Initial Capacity: 380M
 Heap Max Capacity: 6052M
 Pre-touch: Disabled
 Parallel Workers: 10
 Concurrent Workers: 3
 Concurrent Refinement Workers: 10
 Periodic GC: Disabled

Heap:
 garbage-first heap   total 196608K, used 79443K [0x0000000685c00000, 0x0000000800000000)
  region size 4096K, 4 young (16384K), 2 survivors (8192K)
 Metaspace       used 29093K, committed 29376K, reserved 1114112K
  class space    used 3292K, committed 3392K, reserved 1048576K

Heap Regions: E=young(eden), S=young(survivor), O=old, HS=humongous(starts), HC=humongous(continues), CS=collection set, F=free, OA=open archive, CA=closed archive, TAMS=top-at-mark-start (previous, next)
|   0|0x0000000685c00000, 0x0000000686000000, 0x0000000686000000|100%| O|  |TAMS 0x0000000685c00000, 0x0000000685c00000| Untracked 
|   1|0x0000000686000000, 0x0000000686400000, 0x0000000686400000|100%| O|  |TAMS 0x0000000686000000, 0x0000000686000000| Untracked 
|   2|0x0000000686400000, 0x0000000686800000, 0x0000000686800000|100%| O|  |TAMS 0x0000000686400000, 0x0000000686400000| Untracked 
|   3|0x0000000686800000, 0x0000000686c00000, 0x0000000686c00000|100%| O|  |TAMS 0x0000000686800000, 0x0000000686800000| Untracked 
|   4|0x0000000686c00000, 0x0000000687000000, 0x0000000687000000|100%| O|  |TAMS 0x0000000686c00000, 0x0000000686c00000| Untracked 
|   5|0x0000000687000000, 0x0000000687400000, 0x0000000687400000|100%| O|  |TAMS 0x0000000687000000, 0x0000000687000000| Untracked 
|   6|0x0000000687400000, 0x0000000687800000, 0x0000000687800000|100%| O|  |TAMS 0x0000000687400000, 0x0000000687400000| Untracked 
|   7|0x0000000687800000, 0x0000000687c00000, 0x0000000687c00000|100%| O|  |TAMS 0x0000000687800000, 0x0000000687800000| Untracked 
|   8|0x0000000687c00000, 0x0000000688000000, 0x0000000688000000|100%| O|  |TAMS 0x0000000687c00000, 0x0000000687c00000| Untracked 
|   9|0x0000000688000000, 0x0000000688400000, 0x0000000688400000|100%| O|  |TAMS 0x0000000688000000, 0x0000000688000000| Untracked 
|  10|0x0000000688400000, 0x0000000688800000, 0x0000000688800000|100%| O|  |TAMS 0x0000000688400000, 0x0000000688400000| Untracked 
|  11|0x0000000688800000, 0x0000000688c00000, 0x0000000688c00000|100%| O|  |TAMS 0x0000000688800000, 0x0000000688800000| Untracked 
|  12|0x0000000688c00000, 0x0000000689000000, 0x0000000689000000|100%| O|  |TAMS 0x0000000688c00000, 0x0000000688c00000| Untracked 
|  13|0x0000000689000000, 0x0000000689400000, 0x0000000689400000|100%| O|  |TAMS 0x0000000689000000, 0x0000000689000000| Untracked 
|  14|0x0000000689400000, 0x0000000689800000, 0x0000000689800000|100%| O|  |TAMS 0x0000000689400000, 0x0000000689400000| Untracked 
|  15|0x0000000689800000, 0x0000000689c00000, 0x0000000689c00000|100%| O|  |TAMS 0x0000000689800000, 0x0000000689800000| Untracked 
|  16|0x0000000689c00000, 0x000000068a000000, 0x000000068a000000|100%| O|  |TAMS 0x0000000689c00000, 0x0000000689c00000| Untracked 
|  17|0x000000068a000000, 0x000000068a08e600, 0x000000068a400000| 13%| O|  |TAMS 0x000000068a000000, 0x000000068a000000| Untracked 
|  18|0x000000068a400000, 0x000000068a400000, 0x000000068a800000|  0%| F|  |TAMS 0x000000068a400000, 0x000000068a400000| Untracked 
|  19|0x000000068a800000, 0x000000068a800000, 0x000000068ac00000|  0%| F|  |TAMS 0x000000068a800000, 0x000000068a800000| Untracked 
|  20|0x000000068ac00000, 0x000000068ac00000, 0x000000068b000000|  0%| F|  |TAMS 0x000000068ac00000, 0x000000068ac00000| Untracked 
|  21|0x000000068b000000, 0x000000068b000000, 0x000000068b400000|  0%| F|  |TAMS 0x000000068b000000, 0x000000068b000000| Untracked 
|  22|0x000000068b400000, 0x000000068b400000, 0x000000068b800000|  0%| F|  |TAMS 0x000000068b400000, 0x000000068b400000| Untracked 
|  23|0x000000068b800000, 0x000000068b800000, 0x000000068bc00000|  0%| F|  |TAMS 0x000000068b800000, 0x000000068b800000| Untracked 
|  24|0x000000068bc00000, 0x000000068bc00000, 0x000000068c000000|  0%| F|  |TAMS 0x000000068bc00000, 0x000000068bc00000| Untracked 
|  25|0x000000068c000000, 0x000000068c000000, 0x000000068c400000|  0%| F|  |TAMS 0x000000068c000000, 0x000000068c000000| Untracked 
|  26|0x000000068c400000, 0x000000068c400000, 0x000000068c800000|  0%| F|  |TAMS 0x000000068c400000, 0x000000068c400000| Untracked 
|  27|0x000000068c800000, 0x000000068c800000, 0x000000068cc00000|  0%| F|  |TAMS 0x000000068c800000, 0x000000068c800000| Untracked 
|  28|0x000000068cc00000, 0x000000068cc00000, 0x000000068d000000|  0%| F|  |TAMS 0x000000068cc00000, 0x000000068cc00000| Untracked 
|  29|0x000000068d000000, 0x000000068d000000, 0x000000068d400000|  0%| F|  |TAMS 0x000000068d000000, 0x000000068d000000| Untracked 
|  30|0x000000068d400000, 0x000000068d400000, 0x000000068d800000|  0%| F|  |TAMS 0x000000068d400000, 0x000000068d400000| Untracked 
|  31|0x000000068d800000, 0x000000068d800000, 0x000000068dc00000|  0%| F|  |TAMS 0x000000068d800000, 0x000000068d800000| Untracked 
|  32|0x000000068dc00000, 0x000000068dd068e0, 0x000000068e000000| 25%| S|CS|TAMS 0x000000068dc00000, 0x000000068dc00000| Complete 
|  33|0x000000068e000000, 0x000000068e400000, 0x000000068e400000|100%| S|CS|TAMS 0x000000068e000000, 0x000000068e000000| Complete 
|  34|0x000000068e400000, 0x000000068e400000, 0x000000068e800000|  0%| F|  |TAMS 0x000000068e400000, 0x000000068e400000| Untracked 
|  35|0x000000068e800000, 0x000000068e800000, 0x000000068ec00000|  0%| F|  |TAMS 0x000000068e800000, 0x000000068e800000| Untracked 
|  36|0x000000068ec00000, 0x000000068ec00000, 0x000000068f000000|  0%| F|  |TAMS 0x000000068ec00000, 0x000000068ec00000| Untracked 
|  37|0x000000068f000000, 0x000000068f000000, 0x000000068f400000|  0%| F|  |TAMS 0x000000068f000000, 0x000000068f000000| Untracked 
|  38|0x000000068f400000, 0x000000068f400000, 0x000000068f800000|  0%| F|  |TAMS 0x000000068f400000, 0x000000068f400000| Untracked 
|  39|0x000000068f800000, 0x000000068f800000, 0x000000068fc00000|  0%| F|  |TAMS 0x000000068f800000, 0x000000068f800000| Untracked 
|  45|0x0000000691000000, 0x0000000691000000, 0x0000000691400000|  0%| F|  |TAMS 0x0000000691000000, 0x0000000691000000| Untracked 
|  46|0x0000000691400000, 0x0000000691400000, 0x0000000691800000|  0%| F|  |TAMS 0x0000000691400000, 0x0000000691400000| Untracked 
|  47|0x0000000691800000, 0x0000000691800000, 0x0000000691c00000|  0%| F|  |TAMS 0x0000000691800000, 0x0000000691800000| Untracked 
|  48|0x0000000691c00000, 0x0000000691c00000, 0x0000000692000000|  0%| F|  |TAMS 0x0000000691c00000, 0x0000000691c00000| Untracked 
|  49|0x0000000692000000, 0x0000000692000000, 0x0000000692400000|  0%| F|  |TAMS 0x0000000692000000, 0x0000000692000000| Untracked 
|  50|0x0000000692400000, 0x0000000692400000, 0x0000000692800000|  0%| F|  |TAMS 0x0000000692400000, 0x0000000692400000| Untracked 
|  51|0x0000000692800000, 0x0000000692a30938, 0x0000000692c00000| 54%| E|  |TAMS 0x0000000692800000, 0x0000000692800000| Complete 
|  94|0x000000069d400000, 0x000000069d800000, 0x000000069d800000|100%| E|CS|TAMS 0x000000069d400000, 0x000000069d400000| Complete 

Card table byte_map: [0x000001cb5b340000,0x000001cb5bf20000] _byte_map_base: 0x000001cb57f12000

Marking Bits (Prev, Next): (CMBitMap*) 0x000001cb439dbaa0, (CMBitMap*) 0x000001cb439dba60
 Prev Bits: [0x000001cb62990000, 0x000001cb68820000)
 Next Bits: [0x000001cb5cb00000, 0x000001cb62990000)

Polling page: 0x000001cb41910000

Metaspace:

Usage:
  Non-class:     25.20 MB used.
      Class:      3.21 MB used.
       Both:     28.41 MB used.

Virtual space:
  Non-class space:       64.00 MB reserved,      25.38 MB ( 40%) committed,  1 nodes.
      Class space:        1.00 GB reserved,       3.31 MB ( <1%) committed,  1 nodes.
             Both:        1.06 GB reserved,      28.69 MB (  3%) committed. 

Chunk freelists:
   Non-Class:  5.97 MB
       Class:  12.63 MB
        Both:  18.59 MB

MaxMetaspaceSize: unlimited
CompressedClassSpaceSize: 1.00 GB
Initial GC threshold: 21.00 MB
Current GC threshold: 35.56 MB
CDS: on
MetaspaceReclaimPolicy: balanced
 - commit_granule_bytes: 65536.
 - commit_granule_words: 8192.
 - virtual_space_node_default_size: 8388608.
 - enlarge_chunks_in_place: 1.
 - new_chunks_are_fully_committed: 0.
 - uncommit_free_chunks: 1.
 - use_allocation_guard: 0.
 - handle_deallocations: 1.


Internal statistics:

num_allocs_failed_limit: 3.
num_arena_births: 204.
num_arena_deaths: 0.
num_vsnodes_births: 2.
num_vsnodes_deaths: 0.
num_space_committed: 459.
num_space_uncommitted: 0.
num_chunks_returned_to_freelist: 3.
num_chunks_taken_from_freelist: 1259.
num_chunk_merges: 3.
num_chunk_splits: 879.
num_chunks_enlarged: 698.
num_inconsistent_stats: 0.

CodeHeap 'non-profiled nmethods': size=120000Kb used=4150Kb max_used=4150Kb free=115849Kb
 bounds [0x000001cb52ce0000, 0x000001cb530f0000, 0x000001cb5a210000]
CodeHeap 'profiled nmethods': size=120000Kb used=15541Kb max_used=15541Kb free=104458Kb
 bounds [0x000001cb4b210000, 0x000001cb4c140000, 0x000001cb52740000]
CodeHeap 'non-nmethods': size=5760Kb used=1207Kb max_used=1282Kb free=4552Kb
 bounds [0x000001cb52740000, 0x000001cb529b0000, 0x000001cb52ce0000]
 total_blobs=7637 nmethods=7131 adapters=418
 compilation: enabled
              stopped_count=0, restarted_count=0
 full_count=0

Compilation events (20 events):
Event: 6.986 Thread 0x000001cb6b510700 7903       3       java.util.jar.Manifest::<init> (32 bytes)
Event: 6.986 Thread 0x000001cb6b510700 nmethod 7903 0x000001cb4c139910 code [0x000001cb4c139b40, 0x000001cb4c13a2a8]
Event: 6.986 Thread 0x000001cb6b510700 7904       3       java.util.jar.Manifest::read (7 bytes)
Event: 6.987 Thread 0x000001cb6b510700 nmethod 7904 0x000001cb4c13a510 code [0x000001cb4c13a6c0, 0x000001cb4c13a808]
Event: 6.987 Thread 0x000001cb6b510700 7905       3       sun.security.util.ManifestEntryVerifier::<init> (65 bytes)
Event: 6.987 Thread 0x000001cb6b510700 nmethod 7905 0x000001cb4c13a890 code [0x000001cb4c13aae0, 0x000001cb4c13b488]
Event: 6.993 Thread 0x000001cb6b50fc50 7906       4       jdk.internal.ref.CleanerImpl$PhantomCleanableRef::performCleanup (10 bytes)
Event: 6.995 Thread 0x000001cb6b50fc50 nmethod 7906 0x000001cb530d7510 code [0x000001cb530d7680, 0x000001cb530d7718]
Event: 7.002 Thread 0x000001cb6b50fc50 7908       4       java.lang.Integer::numberOfTrailingZeros (80 bytes)
Event: 7.003 Thread 0x000001cb6b50fc50 nmethod 7908 0x000001cb530d7810 code [0x000001cb530d7980, 0x000001cb530d7a38]
Event: 7.003 Thread 0x000001cb6b50fc50 7907       4       java.lang.Long::numberOfTrailingZeros (26 bytes)
Event: 7.005 Thread 0x000001cb6b50fc50 nmethod 7907 0x000001cb530d7b10 code [0x000001cb530d7c80, 0x000001cb530d7cf8]
Event: 7.026 Thread 0x000001cb6b50fc50 7909  s    4       jdk.internal.jimage.ImageReader$SharedImageReader::buildRootDirectory (71 bytes)
Event: 7.027 Thread 0x000001cb6b510700 7911       3       jdk.internal.jrtfs.JrtFileSystem::followLinks (49 bytes)
Event: 7.027 Thread 0x000001cb6b510700 nmethod 7911 0x000001cb4c13b710 code [0x000001cb4c13b8e0, 0x000001cb4c13bd18]
Event: 7.027 Thread 0x000001cb6b510700 7914       3       com.sun.tools.javac.file.Locations$LocationHandler::<init> (5 bytes)
Event: 7.027 Thread 0x000001cb6b510700 nmethod 7914 0x000001cb4c13bf10 code [0x000001cb4c13c0a0, 0x000001cb4c13c1f8]
Event: 7.027 Thread 0x000001cb6b50fc50 nmethod 7909 0x000001cb530d7e10 code [0x000001cb530d7f80, 0x000001cb530d8138]
Event: 7.027 Thread 0x000001cb6b50fc50 7912  s    4       jdk.internal.jimage.ImageReader$SharedImageReader::findNode (36 bytes)
Event: 7.028 Thread 0x000001cb6b510700 7915       3       com.sun.tools.javac.tree.JCTree$Tag::operatorIndex (12 bytes)

GC Heap History (18 events):
Event: 0.547 GC heap before
{Heap before GC invocations=0 (full 0):
 garbage-first heap   total 389120K, used 20480K [0x0000000685c00000, 0x0000000800000000)
  region size 4096K, 5 young (20480K), 0 survivors (0K)
 Metaspace       used 5334K, committed 5504K, reserved 1114112K
  class space    used 638K, committed 704K, reserved 1048576K
}
Event: 0.551 GC heap after
{Heap after GC invocations=1 (full 0):
 garbage-first heap   total 389120K, used 3590K [0x0000000685c00000, 0x0000000800000000)
  region size 4096K, 1 young (4096K), 1 survivors (4096K)
 Metaspace       used 5334K, committed 5504K, reserved 1114112K
  class space    used 638K, committed 704K, reserved 1048576K
}
Event: 0.839 GC heap before
{Heap before GC invocations=1 (full 0):
 garbage-first heap   total 389120K, used 24070K [0x0000000685c00000, 0x0000000800000000)
  region size 4096K, 6 young (24576K), 1 survivors (4096K)
 Metaspace       used 6966K, committed 7104K, reserved 1114112K
  class space    used 840K, committed 896K, reserved 1048576K
}
Event: 0.842 GC heap after
{Heap after GC invocations=2 (full 0):
 garbage-first heap   total 389120K, used 4404K [0x0000000685c00000, 0x0000000800000000)
  region size 4096K, 1 young (4096K), 1 survivors (4096K)
 Metaspace       used 6966K, committed 7104K, reserved 1114112K
  class space    used 840K, committed 896K, reserved 1048576K
}
Event: 1.849 GC heap before
{Heap before GC invocations=2 (full 0):
 garbage-first heap   total 389120K, used 61748K [0x0000000685c00000, 0x0000000800000000)
  region size 4096K, 15 young (61440K), 1 survivors (4096K)
 Metaspace       used 14818K, committed 14976K, reserved 1114112K
  class space    used 1797K, committed 1856K, reserved 1048576K
}
Event: 1.853 GC heap after
{Heap after GC invocations=3 (full 0):
 garbage-first heap   total 389120K, used 10338K [0x0000000685c00000, 0x0000000800000000)
  region size 4096K, 2 young (8192K), 2 survivors (8192K)
 Metaspace       used 14818K, committed 14976K, reserved 1114112K
  class space    used 1797K, committed 1856K, reserved 1048576K
}
Event: 3.931 GC heap before
{Heap before GC invocations=3 (full 0):
 garbage-first heap   total 389120K, used 174178K [0x0000000685c00000, 0x0000000800000000)
  region size 4096K, 43 young (176128K), 2 survivors (8192K)
 Metaspace       used 21246K, committed 21504K, reserved 1114112K
  class space    used 2492K, committed 2624K, reserved 1048576K
}
Event: 3.945 GC heap after
{Heap after GC invocations=4 (full 0):
 garbage-first heap   total 389120K, used 29611K [0x0000000685c00000, 0x0000000800000000)
  region size 4096K, 7 young (28672K), 7 survivors (28672K)
 Metaspace       used 21246K, committed 21504K, reserved 1114112K
  class space    used 2492K, committed 2624K, reserved 1048576K
}
Event: 4.549 GC heap before
{Heap before GC invocations=5 (full 0):
 garbage-first heap   total 122880K, used 74667K [0x0000000685c00000, 0x0000000800000000)
  region size 4096K, 18 young (73728K), 7 survivors (28672K)
 Metaspace       used 25542K, committed 25856K, reserved 1114112K
  class space    used 2971K, committed 3136K, reserved 1048576K
}
Event: 4.572 GC heap after
{Heap after GC invocations=6 (full 0):
 garbage-first heap   total 122880K, used 44822K [0x0000000685c00000, 0x0000000800000000)
  region size 4096K, 3 young (12288K), 3 survivors (12288K)
 Metaspace       used 25542K, committed 25856K, reserved 1114112K
  class space    used 2971K, committed 3136K, reserved 1048576K
}
Event: 4.651 GC heap before
{Heap before GC invocations=6 (full 0):
 garbage-first heap   total 122880K, used 48918K [0x0000000685c00000, 0x0000000800000000)
  region size 4096K, 4 young (16384K), 3 survivors (12288K)
 Metaspace       used 25929K, committed 26176K, reserved 1114112K
  class space    used 3012K, committed 3136K, reserved 1048576K
}
Event: 4.666 GC heap after
{Heap after GC invocations=7 (full 0):
 garbage-first heap   total 122880K, used 48364K [0x0000000685c00000, 0x0000000800000000)
  region size 4096K, 1 young (4096K), 1 survivors (4096K)
 Metaspace       used 25929K, committed 26176K, reserved 1114112K
  class space    used 3012K, committed 3136K, reserved 1048576K
}
Event: 5.227 GC heap before
{Heap before GC invocations=7 (full 0):
 garbage-first heap   total 122880K, used 77036K [0x0000000685c00000, 0x0000000800000000)
  region size 4096K, 9 young (36864K), 1 survivors (4096K)
 Metaspace       used 26655K, committed 27008K, reserved 1114112K
  class space    used 3094K, committed 3264K, reserved 1048576K
}
Event: 5.235 GC heap after
{Heap after GC invocations=8 (full 0):
 garbage-first heap   total 196608K, used 49070K [0x0000000685c00000, 0x0000000800000000)
  region size 4096K, 1 young (4096K), 1 survivors (4096K)
 Metaspace       used 26655K, committed 27008K, reserved 1114112K
  class space    used 3094K, committed 3264K, reserved 1048576K
}
Event: 5.853 GC heap before
{Heap before GC invocations=8 (full 0):
 garbage-first heap   total 196608K, used 126894K [0x0000000685c00000, 0x0000000800000000)
  region size 4096K, 20 young (81920K), 1 survivors (4096K)
 Metaspace       used 27244K, committed 27584K, reserved 1114112K
  class space    used 3109K, committed 3264K, reserved 1048576K
}
Event: 5.866 GC heap after
{Heap after GC invocations=9 (full 0):
 garbage-first heap   total 196608K, used 75560K [0x0000000685c00000, 0x0000000800000000)
  region size 4096K, 3 young (12288K), 3 survivors (12288K)
 Metaspace       used 27244K, committed 27584K, reserved 1114112K
  class space    used 3109K, committed 3264K, reserved 1048576K
}
Event: 7.005 GC heap before
{Heap before GC invocations=9 (full 0):
 garbage-first heap   total 196608K, used 132904K [0x0000000685c00000, 0x0000000800000000)
  region size 4096K, 17 young (69632K), 3 survivors (12288K)
 Metaspace       used 29091K, committed 29376K, reserved 1114112K
  class space    used 3292K, committed 3392K, reserved 1048576K
}
Event: 7.015 GC heap after
{Heap after GC invocations=10 (full 0):
 garbage-first heap   total 196608K, used 75347K [0x0000000685c00000, 0x0000000800000000)
  region size 4096K, 2 young (8192K), 2 survivors (8192K)
 Metaspace       used 29091K, committed 29376K, reserved 1114112K
  class space    used 3292K, committed 3392K, reserved 1048576K
}

Deoptimization events (20 events):
Event: 6.982 Thread 0x000001cb43951ae0 DEOPT PACKING pc=0x000001cb4bc2474f sp=0x0000007b8a6fca70
Event: 6.982 Thread 0x000001cb43951ae0 DEOPT UNPACKING pc=0x000001cb52792b43 sp=0x0000007b8a6fc000 mode 0
Event: 6.982 Thread 0x000001cb43951ae0 DEOPT PACKING pc=0x000001cb4bc2474f sp=0x0000007b8a6fca70
Event: 6.982 Thread 0x000001cb43951ae0 DEOPT UNPACKING pc=0x000001cb52792b43 sp=0x0000007b8a6fc000 mode 0
Event: 6.982 Thread 0x000001cb43951ae0 DEOPT PACKING pc=0x000001cb4bc2474f sp=0x0000007b8a6fca70
Event: 6.982 Thread 0x000001cb43951ae0 DEOPT UNPACKING pc=0x000001cb52792b43 sp=0x0000007b8a6fc000 mode 0
Event: 6.982 Thread 0x000001cb43951ae0 DEOPT PACKING pc=0x000001cb4bc249f4 sp=0x0000007b8a6fca70
Event: 6.982 Thread 0x000001cb43951ae0 DEOPT UNPACKING pc=0x000001cb52792b43 sp=0x0000007b8a6fc010 mode 0
Event: 6.983 Thread 0x000001cb43951ae0 DEOPT PACKING pc=0x000001cb4bc2474f sp=0x0000007b8a6fca70
Event: 6.983 Thread 0x000001cb43951ae0 DEOPT UNPACKING pc=0x000001cb52792b43 sp=0x0000007b8a6fc000 mode 0
Event: 6.983 Thread 0x000001cb43951ae0 DEOPT PACKING pc=0x000001cb4bc2474f sp=0x0000007b8a6fca70
Event: 6.983 Thread 0x000001cb43951ae0 DEOPT UNPACKING pc=0x000001cb52792b43 sp=0x0000007b8a6fc000 mode 0
Event: 6.983 Thread 0x000001cb43951ae0 DEOPT PACKING pc=0x000001cb4bc2474f sp=0x0000007b8a6fca70
Event: 6.983 Thread 0x000001cb43951ae0 DEOPT UNPACKING pc=0x000001cb52792b43 sp=0x0000007b8a6fc000 mode 0
Event: 6.996 Thread 0x000001cb43951ae0 DEOPT PACKING pc=0x000001cb4bc2474f sp=0x0000007b8a6fcab0
Event: 6.996 Thread 0x000001cb43951ae0 DEOPT UNPACKING pc=0x000001cb52792b43 sp=0x0000007b8a6fc040 mode 0
Event: 7.002 Thread 0x000001cb43951ae0 Uncommon trap: trap_request=0xffffffde fr.pc=0x000001cb52f73f7c relative=0x000000000000015c
Event: 7.002 Thread 0x000001cb43951ae0 Uncommon trap: reason=class_check action=maybe_recompile pc=0x000001cb52f73f7c method=java.util.stream.StreamOpFlag.fromCharacteristics(Ljava/util/Spliterator;)I @ 14 c2
Event: 7.002 Thread 0x000001cb43951ae0 DEOPT PACKING pc=0x000001cb52f73f7c sp=0x0000007b8a6fd3b0
Event: 7.002 Thread 0x000001cb43951ae0 DEOPT UNPACKING pc=0x000001cb527923a3 sp=0x0000007b8a6fd300 mode 2

Classes unloaded (0 events):
No events

Classes redefined (0 events):
No events

Internal exceptions (20 events):
Event: 6.633 Thread 0x000001cb43951ae0 Exception <a 'sun/nio/fs/WindowsException'{0x000000068f452e40}> (0x000000068f452e40) 
thrown [s\open\src\hotspot\share\prims\jni.cpp, line 516]
Event: 6.633 Thread 0x000001cb43951ae0 Exception <a 'sun/nio/fs/WindowsException'{0x000000068f453190}> (0x000000068f453190) 
thrown [s\open\src\hotspot\share\prims\jni.cpp, line 516]
Event: 6.634 Thread 0x000001cb43951ae0 Exception <a 'sun/nio/fs/WindowsException'{0x000000068f46b3d8}> (0x000000068f46b3d8) 
thrown [s\open\src\hotspot\share\prims\jni.cpp, line 516]
Event: 6.634 Thread 0x000001cb43951ae0 Exception <a 'sun/nio/fs/WindowsException'{0x000000068f46b678}> (0x000000068f46b678) 
thrown [s\open\src\hotspot\share\prims\jni.cpp, line 516]
Event: 6.635 Thread 0x000001cb43951ae0 Exception <a 'sun/nio/fs/WindowsException'{0x000000068f4b4e90}> (0x000000068f4b4e90) 
thrown [s\open\src\hotspot\share\prims\jni.cpp, line 516]
Event: 6.635 Thread 0x000001cb43951ae0 Exception <a 'sun/nio/fs/WindowsException'{0x000000068f4b51e0}> (0x000000068f4b51e0) 
thrown [s\open\src\hotspot\share\prims\jni.cpp, line 516]
Event: 6.635 Thread 0x000001cb43951ae0 Exception <a 'sun/nio/fs/WindowsException'{0x000000068f4b66d0}> (0x000000068f4b66d0) 
thrown [s\open\src\hotspot\share\prims\jni.cpp, line 516]
Event: 6.635 Thread 0x000001cb43951ae0 Exception <a 'sun/nio/fs/WindowsException'{0x000000068f4b6aa8}> (0x000000068f4b6aa8) 
thrown [s\open\src\hotspot\share\prims\jni.cpp, line 516]
Event: 6.662 Thread 0x000001cb43951ae0 Exception <a 'sun/nio/fs/WindowsException'{0x000000068f5eed68}> (0x000000068f5eed68) 
thrown [s\open\src\hotspot\share\prims\jni.cpp, line 516]
Event: 6.669 Thread 0x000001cb43951ae0 Exception <a 'sun/nio/fs/WindowsException'{0x000000068f616b58}> (0x000000068f616b58) 
thrown [s\open\src\hotspot\share\prims\jni.cpp, line 516]
Event: 6.669 Thread 0x000001cb43951ae0 Exception <a 'sun/nio/fs/WindowsException'{0x000000068f616f90}> (0x000000068f616f90) 
thrown [s\open\src\hotspot\share\prims\jni.cpp, line 516]
Event: 6.670 Thread 0x000001cb43951ae0 Exception <a 'sun/nio/fs/WindowsException'{0x000000068f6249f8}> (0x000000068f6249f8) 
thrown [s\open\src\hotspot\share\prims\jni.cpp, line 516]
Event: 6.670 Thread 0x000001cb43951ae0 Exception <a 'sun/nio/fs/WindowsException'{0x000000068f624d78}> (0x000000068f624d78) 
thrown [s\open\src\hotspot\share\prims\jni.cpp, line 516]
Event: 6.671 Thread 0x000001cb43951ae0 Exception <a 'sun/nio/fs/WindowsException'{0x000000068f64d390}> (0x000000068f64d390) 
thrown [s\open\src\hotspot\share\prims\jni.cpp, line 516]
Event: 6.671 Thread 0x000001cb43951ae0 Exception <a 'sun/nio/fs/WindowsException'{0x000000068f64d7c0}> (0x000000068f64d7c0) 
thrown [s\open\src\hotspot\share\prims\jni.cpp, line 516]
Event: 6.671 Thread 0x000001cb43951ae0 Exception <a 'sun/nio/fs/WindowsException'{0x000000068f64f2e0}> (0x000000068f64f2e0) 
thrown [s\open\src\hotspot\share\prims\jni.cpp, line 516]
Event: 6.671 Thread 0x000001cb43951ae0 Exception <a 'sun/nio/fs/WindowsException'{0x000000068f64f790}> (0x000000068f64f790) 
thrown [s\open\src\hotspot\share\prims\jni.cpp, line 516]
Event: 6.699 Thread 0x000001cb43951ae0 Exception <a 'sun/nio/fs/WindowsException'{0x000000068f787f78}> (0x000000068f787f78) 
thrown [s\open\src\hotspot\share\prims\jni.cpp, line 516]
Event: 7.027 Thread 0x000001cb43951ae0 Exception <a 'sun/nio/fs/WindowsException'{0x0000000692920960}> (0x0000000692920960) 
thrown [s\open\src\hotspot\share\prims\jni.cpp, line 516]
Event: 7.027 Thread 0x000001cb43951ae0 Exception <a 'sun/nio/fs/WindowsException'{0x0000000692920c90}> (0x0000000692920c90) 
thrown [s\open\src\hotspot\share\prims\jni.cpp, line 516]

VM Operations (20 events):
Event: 6.097 Executing VM operation: ICBufferFull
Event: 6.098 Executing VM operation: ICBufferFull done
Event: 6.140 Executing VM operation: HandshakeAllThreads
Event: 6.140 Executing VM operation: HandshakeAllThreads done
Event: 6.200 Executing VM operation: ICBufferFull
Event: 6.200 Executing VM operation: ICBufferFull done
Event: 6.293 Executing VM operation: ICBufferFull
Event: 6.294 Executing VM operation: ICBufferFull done
Event: 6.388 Executing VM operation: ICBufferFull
Event: 6.388 Executing VM operation: ICBufferFull done
Event: 6.501 Executing VM operation: ICBufferFull
Event: 6.501 Executing VM operation: ICBufferFull done
Event: 6.573 Executing VM operation: HandshakeAllThreads
Event: 6.573 Executing VM operation: HandshakeAllThreads done
Event: 6.588 Executing VM operation: ICBufferFull
Event: 6.588 Executing VM operation: ICBufferFull done
Event: 6.673 Executing VM operation: ICBufferFull
Event: 6.673 Executing VM operation: ICBufferFull done
Event: 7.005 Executing VM operation: G1CollectForAllocation
Event: 7.015 Executing VM operation: G1CollectForAllocation done

Events (20 events):
Event: 5.974 loading class java/util/EnumMap$EntryIterator done
Event: 5.974 loading class java/util/EnumMap$EntryIterator$Entry
Event: 5.974 loading class java/util/EnumMap$EntryIterator$Entry done
Event: 6.146 loading class java/util/stream/ReduceOps$2
Event: 6.146 loading class java/util/stream/ReduceOps$2 done
Event: 6.146 loading class java/util/stream/ReduceOps$2ReducingSink
Event: 6.146 loading class java/util/stream/ReduceOps$2ReducingSink done
Event: 6.151 loading class java/io/DataOutputStream
Event: 6.151 loading class java/io/DataOutputStream done
Event: 6.506 loading class java/util/stream/ReferencePipeline$4
Event: 6.506 loading class java/util/stream/ReferencePipeline$4 done
Event: 6.506 loading class java/util/stream/Nodes$IntFixedNodeBuilder
Event: 6.506 loading class java/util/stream/Node$Builder$OfInt
Event: 6.506 loading class java/util/stream/Node$Builder$OfInt done
Event: 6.507 loading class java/util/stream/Nodes$IntArrayNode
Event: 6.507 loading class java/util/stream/Nodes$IntArrayNode done
Event: 6.507 loading class java/util/stream/Nodes$IntFixedNodeBuilder done
Event: 6.507 loading class java/util/stream/ReferencePipeline$4$1
Event: 6.507 loading class java/util/stream/ReferencePipeline$4$1 done
Event: 6.576 Thread 0x000001cb6b512110 flushing nmethod 0x000001cb4b354a90


Dynamic libraries:
0x00007ff71b490000 - 0x00007ff71b4a0000 	C:\Program Files\Java\jdk-17\bin\java.exe
0x00007ffd5cea0000 - 0x00007ffd5d107000 	C:\WINDOWS\SYSTEM32\ntdll.dll
0x00007ffd5bc40000 - 0x00007ffd5bd09000 	C:\WINDOWS\System32\KERNEL32.DLL
0x00007ffd598b0000 - 0x00007ffd59ca1000 	C:\WINDOWS\System32\KERNELBASE.dll
0x00007ffd5a950000 - 0x00007ffd5aa9b000 	C:\WINDOWS\System32\ucrtbase.dll
0x00007ffd41070000 - 0x00007ffd4108b000 	C:\Program Files\Java\jdk-17\bin\VCRUNTIME140.dll
0x00007ffd46e30000 - 0x00007ffd46e49000 	C:\Program Files\Java\jdk-17\bin\jli.dll
0x00007ffd5c750000 - 0x00007ffd5c80b000 	C:\WINDOWS\System32\ADVAPI32.dll
0x00007ffd5b0d0000 - 0x00007ffd5b179000 	C:\WINDOWS\System32\msvcrt.dll
0x00007ffd5b180000 - 0x00007ffd5b227000 	C:\WINDOWS\System32\sechost.dll
0x00007ffd5c630000 - 0x00007ffd5c748000 	C:\WINDOWS\System32\RPCRT4.dll
0x00007ffd5ba70000 - 0x00007ffd5bc35000 	C:\WINDOWS\System32\USER32.dll
0x00007ffd58880000 - 0x00007ffd58b13000 	C:\WINDOWS\WinSxS\amd64_microsoft.windows.common-controls_6595b64144ccf1df_6.0.26100.8037_none_3e092faae333b53b\COMCTL32.dll
0x00007ffd5ac40000 - 0x00007ffd5ac6b000 	C:\WINDOWS\System32\GDI32.dll
0x00007ffd5ac10000 - 0x00007ffd5ac37000 	C:\WINDOWS\System32\win32u.dll
0x00007ffd59780000 - 0x00007ffd598ab000 	C:\WINDOWS\System32\gdi32full.dll
0x00007ffd59ec0000 - 0x00007ffd59f63000 	C:\WINDOWS\System32\msvcp_win.dll
0x00007ffd44cf0000 - 0x00007ffd44cfb000 	C:\WINDOWS\SYSTEM32\VERSION.dll
0x00007ffd5adc0000 - 0x00007ffd5adf1000 	C:\WINDOWS\System32\IMM32.DLL
0x00007ffd53790000 - 0x00007ffd5379c000 	C:\Program Files\Java\jdk-17\bin\vcruntime140_1.dll
0x00007ffd0aaa0000 - 0x00007ffd0ab2e000 	C:\Program Files\Java\jdk-17\bin\msvcp140.dll
0x00007ffcd6310000 - 0x00007ffcd6ef0000 	C:\Program Files\Java\jdk-17\bin\server\jvm.dll
0x00007ffd5c420000 - 0x00007ffd5c428000 	C:\WINDOWS\System32\PSAPI.DLL
0x00007ffd326f0000 - 0x00007ffd326fa000 	C:\WINDOWS\SYSTEM32\WSOCK32.dll
0x00007ffd5ad30000 - 0x00007ffd5ada4000 	C:\WINDOWS\System32\WS2_32.dll
0x00007ffd503d0000 - 0x00007ffd50405000 	C:\WINDOWS\SYSTEM32\WINMM.dll
0x00007ffd57b50000 - 0x00007ffd57b6b000 	C:\WINDOWS\SYSTEM32\kernel.appcore.dll
0x00007ffd32670000 - 0x00007ffd3267a000 	C:\Program Files\Java\jdk-17\bin\jimage.dll
0x00007ffd58f30000 - 0x00007ffd59172000 	C:\WINDOWS\SYSTEM32\DBGHELP.DLL
0x00007ffd5c810000 - 0x00007ffd5cb92000 	C:\WINDOWS\System32\combase.dll
0x00007ffd5ae00000 - 0x00007ffd5aed7000 	C:\WINDOWS\System32\OLEAUT32.dll
0x00007ffd58e20000 - 0x00007ffd58e5b000 	C:\WINDOWS\SYSTEM32\dbgcore.DLL
0x00007ffd5aaa0000 - 0x00007ffd5ab45000 	C:\WINDOWS\System32\bcryptPrimitives.dll
0x00007ffd1d4f0000 - 0x00007ffd1d515000 	C:\Program Files\Java\jdk-17\bin\java.dll
0x00007ffd0a9c0000 - 0x00007ffd0aa97000 	C:\Program Files\Java\jdk-17\bin\jsvml.dll
0x00007ffd5b230000 - 0x00007ffd5b98f000 	C:\WINDOWS\System32\SHELL32.dll
0x00007ffd59f70000 - 0x00007ffd5a0da000 	C:\WINDOWS\System32\wintypes.dll
0x00007ffd5a0e0000 - 0x00007ffd5a944000 	C:\WINDOWS\System32\windows.storage.dll
0x00007ffd5bd10000 - 0x00007ffd5be07000 	C:\WINDOWS\System32\SHCORE.dll
0x00007ffd5cba0000 - 0x00007ffd5cc07000 	C:\WINDOWS\System32\shlwapi.dll
0x00007ffd596a0000 - 0x00007ffd596c9000 	C:\WINDOWS\SYSTEM32\profapi.dll
0x00007ffd20440000 - 0x00007ffd20459000 	C:\Program Files\Java\jdk-17\bin\net.dll
0x00007ffd52150000 - 0x00007ffd52277000 	C:\WINDOWS\SYSTEM32\WINHTTP.dll
0x00007ffd580d0000 - 0x00007ffd5813b000 	C:\WINDOWS\system32\mswsock.dll
0x00007ffd20340000 - 0x00007ffd20356000 	C:\Program Files\Java\jdk-17\bin\nio.dll
0x00007ffd22390000 - 0x00007ffd223a8000 	C:\Program Files\Java\jdk-17\bin\zip.dll
0x00007ffd1e820000 - 0x00007ffd1e844000 	C:\Users\Asus\.m2\wrapper\dists\apache-maven-3.9.9\977a63e90f436cd6ade95b4c0e10c20c\lib\jansi-native\Windows\x86_64\jansi.dll
0x00007ffd2e390000 - 0x00007ffd2e3a0000 	C:\Program Files\Java\jdk-17\bin\verify.dll

dbghelp: loaded successfully - version: 4.0.5 - missing functions: none
symbol engine: initialized successfully - sym options: 0x614 - pdb path: .;C:\Program Files\Java\jdk-17\bin;C:\WINDOWS\SYSTEM32;C:\WINDOWS\WinSxS\amd64_microsoft.windows.common-controls_6595b64144ccf1df_6.0.26100.8037_none_3e092faae333b53b;C:\Program Files\Java\jdk-17\bin\server;C:\Users\Asus\.m2\wrapper\dists\apache-maven-3.9.9\977a63e90f436cd6ade95b4c0e10c20c\lib\jansi-native\Windows\x86_64

VM Arguments:
jvm_args: -Dclassworlds.conf=C:\Users\Asus\.m2\wrapper\dists\apache-maven-3.9.9\977a63e90f436cd6ade95b4c0e10c20c\bin\m2.conf -Dmaven.home=C:\Users\Asus\.m2\wrapper\dists\apache-maven-3.9.9\977a63e90f436cd6ade95b4c0e10c20c -Dlibrary.jansi.path=C:\Users\Asus\.m2\wrapper\dists\apache-maven-3.9.9\977a63e90f436cd6ade95b4c0e10c20c\lib\jansi-native -Dmaven.multiModuleProjectDirectory=C:\Users\Asus\Desktop\PFE\backend 
java_command: org.codehaus.plexus.classworlds.launcher.Launcher clean compile -f c:\Users\Asus\Desktop\PFE\backend\pom.xml
java_class_path (initial): C:\Users\Asus\.m2\wrapper\dists\apache-maven-3.9.9\977a63e90f436cd6ade95b4c0e10c20c\boot\plexus-classworlds-2.8.0.jar
Launcher Type: SUN_STANDARD

[Global flags]
     intx CICompilerCount                          = 4                                         {product} {ergonomic}
     uint ConcGCThreads                            = 3                                         {product} {ergonomic}
     uint G1ConcRefinementThreads                  = 10                                        {product} {ergonomic}
   size_t G1HeapRegionSize                         = 4194304                                   {product} {ergonomic}
    uintx GCDrainStackTargetSize                   = 64                                        {product} {ergonomic}
   size_t InitialHeapSize                          = 398458880                                 {product} {ergonomic}
   size_t MarkStackSize                            = 4194304                                   {product} {ergonomic}
   size_t MaxHeapSize                              = 6345981952                                {product} {ergonomic}
   size_t MaxNewSize                               = 3804233728                                {product} {ergonomic}
   size_t MinHeapDeltaBytes                        = 4194304                                   {product} {ergonomic}
   size_t MinHeapSize                              = 8388608                                   {product} {ergonomic}
    uintx NonNMethodCodeHeapSize                   = 5839372                                {pd product} {ergonomic}
    uintx NonProfiledCodeHeapSize                  = 122909434                              {pd product} {ergonomic}
    uintx ProfiledCodeHeapSize                     = 122909434                              {pd product} {ergonomic}
    uintx ReservedCodeCacheSize                    = 251658240                              {pd product} {ergonomic}
     bool SegmentedCodeCache                       = true                                      {product} {ergonomic}
   size_t SoftMaxHeapSize                          = 6345981952                             {manageable} {ergonomic}
     bool UseCompressedClassPointers               = true                           {product lp64_product} {ergonomic}
     bool UseCompressedOops                        = true                           {product lp64_product} {ergonomic}
     bool UseG1GC                                  = true                                      {product} {ergonomic}
     bool UseLargePagesIndividualAllocation        = false                                  {pd product} {ergonomic}

Logging:
Log output configuration:
 #0: stdout all=warning uptime,level,tags
 #1: stderr all=off uptime,level,tags

Environment Variables:
JAVA_HOME=C:\Program Files\Java\jdk-17
PATH=C:\Program Files\Eclipse Adoptium\jdk-21.0.8.9-hotspot\bin;C:\Users\Asus\Downloads\Compressed\flutter\bin;C:\Program Files\Common Files\Oracle\Java\javapath;C:\WINDOWS\system32;C:\WINDOWS;C:\WINDOWS\System32\Wbem;C:\WINDOWS\System32\WindowsPowerShell\v1.0\;C:\WINDOWS\System32\OpenSSH\;C:\Program Files\nodejs\;C:\Program Files\Git\cmd;C:\flutter\bin;C:\Program Files\mongosh-2.5.8-win32-x64\bin;C:\Program Files\MongoDB\Server\8.0\bin;C:\Program Files\dotnet\;C:\Program Files\Docker\Docker\resources\bin;C:\Users\Asus\scoop\shims;C:\Users\Asus\AppData\Local\Microsoft\WindowsApps;C:\Users\Asus\AppData\Local\Programs\Microsoft VS Code\bin;C:\Users\Asus\AppData\Roaming\npm;C:\Users\Asus\AppData\Local\Programs\Ollama;C:\Users\Asus\Downloads\Compressed\flutter\bin;C:\Users\Asus\AppData\Local\Python\bin;C:\Users\Asus\AppData\Local\Programs\cursor\resources\app\bin;C:\Users\Asus\AppData\Local\Programs\Antigravity\bin
USERNAME=Asus
OS=Windows_NT
PROCESSOR_IDENTIFIER=Intel64 Family 6 Model 186 Stepping 3, GenuineIntel



---------------  S Y S T E M  ---------------

OS:
 Windows 11 , 64 bit Build 26100 (10.0.26100.7920)
OS uptime: 0 days 0:46 hours
Hyper-V role detected

CPU: total 12 (initial active 12) (6 cores per cpu, 2 threads per core) family 6 model 186 stepping 3 microcode 0x5102, cx8, cmov, fxsr, ht, mmx, 3dnowpref, sse, sse2, sse3, ssse3, sse4.1, sse4.2, popcnt, lzcnt, tsc, tscinvbit, avx, avx2, aes, erms, clmul, bmi1, bmi2, adx, sha, fma, vzeroupper, clflush, clflushopt, clwb, hv

Memory: 4k page, system-wide physical 24195M (9778M free)
TotalPageFile size 32387M (AvailPageFile size 16274M)
current process WorkingSet (physical memory assigned to process): 321M, peak: 340M
current process commit charge ("private bytes"): 376M, peak: 552M

vm_info: Java HotSpot(TM) 64-Bit Server VM (17.0.12+8-LTS-286) for windows-amd64 JRE (17.0.12+8-LTS-286), built on Jun  5 2024 06:46:59 by "mach5one" with MS VC++ 17.6 (VS2022)

END.
